Year,Month, Brunei Darussalam , Indonesia , Malaysia , Philippines , Thailand , Viet Nam , Myanmar , Japan , Hong Kong , China , Taiwan ," Korea, Republic Of ", India , Pakistan , Sri Lanka , Saudi Arabia , Kuwait , UAE , United Kingdom , Germany , France , Italy , Netherlands , Greece , Belgium & Luxembourg , Switzerland , Austria , Scandinavia , CIS & Eastern Europe , USA , Canada , Australia , New Zealand , Africa 
1978,Jan, na , na , na , na , na , na , na ,18652,3148,56,1956,518,3383,656,826,367,58,216,8512,3955,2526,2266,2309, na , na ,2185, na ,1881,433,8362,1328,28421,3612,587
1978,Feb, na , na , na , na , na , na , na ,20394,5805,7,1659,493,3493,565,681,389,128,224,9381,4484,2694,2192,2345, na , na ,1596, na ,2112,514,8251,1434,13982,2521,354
1978,Mar, na , na , na , na , na , na , na ,20136,4510,55,2460,601,4141,657,809,560,287,321,10289,5583,2771,2002,2575, na , na ,1461, na ,2183,472,9901,1662,16536,2727,405
1978,Apr, na , na , na , na , na , na , na ,13508,3254,11,2336,701,3431,756,948,538,65,273,7470,5309,3183,1677,2649, na , na ,1472, na ,1590,405,11782,1586,16499,3197,736
1978,May, na , na , na , na , na , na , na ,14472,3212,3,2143,674,5272,720,885,488,74,263,6557,3491,2248,1028,2754, na , na ,1189, na ,1245,431,13448,2025,20690,5130,514
1978,Jun, na , na , na , na , na , na , na ,12992,3589,1,2112,645,4908,758,823,463,164,395,5545,2806,1778,830,2588, na , na ,853, na ,1233,333,10585,1179,17915,4478,688
1978,Jul, na , na , na , na , na , na , na ,15363,5376,11,2413,686,4220,893,912,758,98,451,7688,4174,4386,1195,5456, na , na ,1823, na ,1326,465,10945,1665,19085,5441,662
1978,Aug, na , na , na , na , na , na , na ,24656,7059,6,3421,595,4379,636,946,841,171,442,8156,4834,6695,3408,3883, na , na ,1417, na ,1209,321,9569,1247,20802,6127,617
1978,Sep, na , na , na , na , na , na , na ,13397,3603,4,2269,491,5004,516,911,1095,141,469,7627,4128,2980,1445,3143, na , na ,1383, na ,1586,412,8839,1244,19622,5970,866
1978,Oct, na , na , na , na , na , na , na ,16897,3825,17,2643,740,5775,668,1001,606,88,327,9354,5098,2693,1254,3422, na , na ,2052, na ,2470,688,14039,1525,18269,4731,701
1978,Nov, na , na , na , na , na , na , na ,21717,3865,81,3540,876,6003,580,1017,1313,287,515,9871,6087,3075,1998,2939, na , na ,1903, na ,2957,687,13027,1792,14866,3241,650
1978,Dec, na , na , na , na , na , na , na ,17087,4856,13,3426,801,5807,747,1384,697,165,457,9347,5042,2003,1618,2622, na , na ,1672, na ,2087,539,7503,1373,22197,4487,841
1979,Jan, na , na , na , na , na , na , na ,20383,5485,100,2026,639,5936,846,1100,685,371,439,10071,5510,2796,2567,2943, na , na ,1850, na ,2271,822,7449,1507,27175,4084,729
1979,Feb, na , na , na , na , na , na , na ,23356,5124,6,3604,716,5571,759,918,700,690,331,10703,5717,3042,2201,2631, na , na ,1506, na ,2523,525,8378,1615,13536,2503,458
1979,Mar, na , na , na , na , na , na , na ,21471,4158,13,4768,950,6446,855,1119,1070,440,472,11223,6372,3631,2311,2924, na , na ,1555, na ,2807,1091,10341,1595,13494,3096,475
1979,Apr, na , na , na , na , na , na , na ,16002,5180,7,4068,970,6193,844,1237,930,174,522,9187,6841,3701,1351,3164, na , na ,1650, na ,2094,860,10040,1482,15280,3941,878
1979,May, na , na , na , na , na , na , na ,17023,3876,3,4243,1096,7174,1081,1082,847,151,450,7641,3992,2484,1124,3207, na , na ,1366, na ,1726,682,10487,1567,19273,5961,698
1979,Jun, na , na , na , na , na , na , na ,18307,3920,13,3403,944,5959,1042,1068,967,217,507,7452,3746,2779,1182,3531, na , na ,1179, na ,1612,1059,9499,1182,16574,6133,601
1979,Jul, na , na , na , na , na , na , na ,20061,6209,40,5308,1015,5198,1167,1075,1153,260,624,8952,4534,5306,1498,5720, na , na ,1722, na ,1714,1094,10154,1450,16105,6692,703
1979,Aug, na , na , na , na , na , na , na ,28200,7965,21,5883,924,4424,937,1165,1584,284,623,9714,5164,6525,3688,4245, na , na ,1518, na ,1593,827,9686,1368,19293,7637,707
1979,Sep, na , na , na , na , na , na , na ,20267,4702,14,4119,1162,5406,829,1213,1480,206,457,9009,3930,3023,1302,3231, na , na ,1236, na ,1670,1066,8660,1144,18890,6642,818
1979,Oct, na , na , na , na , na , na , na ,20282,5052,42,4129,1313,5930,903,993,1905,247,516,11243,5788,3064,1477,3534, na , na ,1722, na ,2624,1048,13159,1474,15967,5609,831
1979,Nov, na , na , na , na , na , na , na ,24247,4525,75,4891,1221,5550,720,1122,1444,239,501,11880,6773,3116,2017,3667, na , na ,2215, na ,3273,1162,12384,1955,13017,3758,671
1979,Dec, na , na , na , na , na , na , na ,20656,6468,32,5254,1170,6608,985,1369,1164,169,486,10274,5173,2574,2042,3421, na , na ,1782, na ,2719,1166,8507,1546,17758,4731,1109
1980,Jan, na , na , na , na , na , na , na ,26727,4367,42,3611,1111,6106,967,1102,1097,286,447,11204,5593,3035,2603,3402, na , na ,1969, na ,2780,952,8842,1601,26663,4383,1016
1980,Feb, na , na , na , na , na , na , na ,25617,9913,81,5334,1075,5355,864,1039,1173,459,390,11725,5604,2525,2504,3037, na , na ,1777, na ,3023,896,10059,2085,14784,3138,626
1980,Mar, na , na , na , na , na , na , na ,27366,5638,69,5666,1257,5980,1061,1247,1214,615,509,12924,6871,3591,2700,3846, na , na ,2063, na ,3187,997,11681,1962,15724,3442,702
1980,Apr, na , na , na , na , na , na , na ,18765,6770,73,4107,1334,6056,1291,1181,1379,172,495,10181,6187,2940,1431,3150, na , na ,1561, na ,2505,1074,10638,1618,18424,3892,947
1980,May, na , na , na , na , na , na , na ,21310,5237,52,4740,1550,10443,1187,1272,1257,150,469,8332,4854,3034,1540,3531, na , na ,1259, na ,1959,1009,11127,1686,19606,6456,762
1980,Jun, na , na , na , na , na , na , na ,17557,5561,21,3424,1256,8505,1227,1152,1807,278,599,7517,4370,2469,1294,4277, na , na ,1363, na ,2002,764,10870,1359,18937,6538,713
1980,Jul, na , na , na , na , na , na , na ,22182,8915,36,5309,1157,6654,1531,1228,2018,221,718,10285,6232,3988,1875,6322, na , na ,2039, na ,1939,960,11374,1806,21202,6982,867
1980,Aug, na , na , na , na , na , na , na ,33648,11089,42,5220,1154,6064,1110,1247,2354,302,828,11277,6826,6099,4310,4698, na , na ,1593, na ,1974,495,11096,1626,20401,7751,995
1980,Sep, na , na , na , na , na , na , na ,23173,5916,45,3668,1116,6445,1626,1130,1394,230,568,9817,5144,3277,1447,3878, na , na ,1264, na ,2145,528,10553,1301,20269,6751,938
1980,Oct, na , na , na , na , na , na , na ,20085,5913,47,4388,1293,8028,1227,1416,2226,196,559,12421,6686,3292,1671,3821, na , na ,2281, na ,3276,1012,14576,1886,21348,5276,990
1980,Nov, na , na , na , na , na , na , na ,26036,5342,41,4812,1426,6663,1300,1703,1102,125,397,11088,7453,3676,2098,3991, na , na ,2357, na ,3977,720,15306,2132,19458,4204,817
1980,Dec, na , na , na , na , na , na , na ,24929,7821,90,6049,1545,9163,1676,1761,1504,181,527,11586,7219,2310,2867,3184, na , na ,2446, na ,3331,511,9643,1813,22370,4230,1122
1981,Jan, na , na , na , na , na , na , na ,30147,5271,49,3753,1462,8335,1475,1268,1343,253,549,11556,8369,2769,2826,4160, na ,656,2706, na ,3955,338,10001,2177,26757,4517,1497
1981,Feb, na , na , na , na , na , na , na ,31356,11199,42,7289,1217,7214,1127,1131,1374,296,442,12097,6613,2759,2147,3680, na ,682,2053, na ,3673,521,12194,2197,17795,2926,698
1981,Mar, na , na , na , na , na , na , na ,34243,6133,47,5265,1395,7837,1322,1444,1436,645,524,14089,7276,3879,2507,3723, na ,861,2193, na ,3554,465,11647,2444,17334,3463,870
1981,Apr, na , na , na , na , na , na , na ,23208,7854,72,3680,1672,9935,1313,1605,1340,149,692,12048,8203,3334,2097,3614, na ,940,1958, na ,3167,586,11297,2105,18725,3701,882
1981,May, na , na , na , na , na , na , na ,24873,5316,61,3640,1876,12380,1303,1620,1193,186,554,10259,4982,2858,1521,3942, na ,712,1705, na ,2486,476,12743,1827,20643,5088,932
1981,Jun, na , na , na , na , na , na , na ,24589,5986,46,3687,2101,10374,1541,1531,1599,213,757,8712,4272,2680,1333,3668, na ,567,1474, na ,2027,481,11935,1591,21782,5731,787
1981,Jul, na , na , na , na , na , na , na ,27078,8341,16,5424,1970,9366,1545,1889,2138,199,915,11519,6776,4774,1787,6316, na ,1433,2387, na ,2408,442,12402,2091,24046,5529,1118
1981,Aug, na , na , na , na , na , na , na ,44867,11244,78,5626,2071,9229,1306,1979,2587,391,1146,13823,7395,7217,4012,5443, na ,1142,1676, na ,2025,462,11678,1751,22540,6883,1149
1981,Sep, na , na , na , na , na , na , na ,27138,5854,34,3402,1545,8196,1100,1674,1885,147,698,10809,5546,3397,1491,4249, na ,600,1563, na ,1979,435,10235,1320,20311,5950,1056
1981,Oct, na , na , na , na , na , na , na ,25680,5329,67,3775,1945,11122,960,2020,2576,167,695,13607,7036,4233,1713,3963, na ,936,2569, na ,3708,602,15050,2179,22322,5629,1091
1981,Nov, na , na , na , na , na , na , na ,33614,5832,112,4426,2199,10327,1154,2240,1163,134,586,13044,6974,3753,1988,3771, na ,801,2626, na ,3891,676,14452,2400,22513,3977,823
1981,Dec, na , na , na , na , na , na , na ,28047,7396,106,5376,2543,12576,1233,2586,1539,148,776,13479,6392,3011,1850,3041, na ,660,2555, na ,3244,608,9958,2112,23841,4590,1641
1982,Jan, na , na , na , na , na , na , na ,31173,10529,168,5820,1831,9777,1151,1817,1505,220,813,13322,6985,2472,2503,3284, na ,607,2873, na ,3250,402,9724,2140,26900,4872,1570
1982,Feb, na , na , na , na , na , na , na ,36004,6371,72,6204,2308,10453,1055,1729,1493,275,586,13081,6381,2954,2620,2962, na ,636,2381, na ,3519,297,12150,2411,17638,2972,1112
1982,Mar, na , na , na , na , na , na , na ,38273,6177,46,5552,2638,9521,1181,1909,1729,596,656,13998,7001,3610,2440,3114, na ,777,2406, na ,3566,372,12892,2388,21105,3915,922
1982,Apr, na , na , na , na , na , na , na ,24943,7671,34,5036,2771,9628,1131,1835,1675,169,788,12426,6769,3268,1421,3047, na ,780,2227, na ,2810,346,12879,2172,20562,3168,955
1982,May, na , na , na , na , na , na , na ,27602,5686,49,4703,2745,13381,1134,1662,1395,181,667,10667,4327,3205,1567,3143, na ,734,1774, na ,2537,382,13980,2095,21446,5355,868
1982,Jun, na , na , na , na , na , na , na ,28715,6357,89,3772,3032,10322,1291,1379,1678,178,731,9402,3969,2624,1504,2941, na ,485,1451, na ,2233,369,11716,1799,28973,5469,757
1982,Jul, na , na , na , na , na , na , na ,28765,9746,67,6255,2959,7651,1057,1710,2555,219,1032,12362,5480,4525,1537,5550, na ,840,2069, na ,2327,425,12462,2238,27156,6228,781
1982,Aug, na , na , na , na , na , na , na ,45289,12636,73,6637,2649,8965,1440,1872,2845,261,1096,13600,5794,5949,3376,4460, na ,894,1783, na ,2210,389,11759,1874,26843,7467,1073
1982,Sep, na , na , na , na , na , na , na ,29157,6777,219,4789,3031,8568,1153,1789,2444,182,752,11348,4674,3191,1460,3596, na ,600,1641, na ,2384,412,11174,1556,23583,6052,1188
1982,Oct, na , na , na , na , na , na , na ,28806,6691,176,4844,3275,10761,1017,1648,1294,176,617,13061,5976,3359,1406,3297, na ,719,2418, na ,3736,366,16555,2198,21460,6608,949
1982,Nov, na , na , na , na , na , na , na ,32760,6035,104,5413,3502,12301,1415,1846,1328,146,603,13399,5732,3241,1713,3137, na ,662,2829, na ,4078,459,14065,2017,22560,3707,1036
1982,Dec, na , na , na , na , na , na , na ,27014,8182,179,6056,3183,10131,1422,2005,1712,199,795,13234,5026,2741,1488,2889, na ,557,2302, na ,3306,360,11311,2060,23737,4075,1400
1983,Jan, na , na , na , na , na , na , na ,32815,5771,201,4666,3538,9467,1396,1800,1938,202,742,13768,5409,3355,1972,3107, na ,527,2699, na ,3688,475,11745,2446,26526,4022,1359
1983,Feb, na , na , na , na , na , na , na ,33740,11397,94,8792,2584,7902,1075,1534,1742,241,576,12304,5146,2677,1585,2816, na ,635,2061, na ,3482,393,11409,2371,14905,2571,654
1983,Mar, na , na , na , na , na , na , na ,40321,7210,186,6769,3096,8802,1305,1938,1766,305,645,14448,7086,3307,1800,3103, na ,815,2558, na ,3739,392,14274,2357,19143,3261,804
1983,Apr, na , na , na , na , na , na , na ,24018,7822,183,5097,2888,10410,1425,1954,1417,159,745,12314,5610,3425,1574,3245, na ,757,1988, na ,3133,441,13836,2297,18387,3512,852
1983,May, na , na , na , na , na , na , na ,27651,5720,205,5572,3136,16807,1368,1919,1215,208,623,10500,4773,2586,1627,3500, na ,600,1782, na ,2866,477,14578,2598,23422,5416,1037
1983,Jun, na , na , na , na , na , na , na ,25444,7102,206,4000,2932,14707,1301,1882,1440,225,724,9164,4274,2318,1398,2889, na ,534,1345, na ,2260,446,14221,1968,22287,5727,815
1983,Jul, na , na , na , na , na , na , na ,28034,9014,322,6692,3658,14558,1233,1591,2848,233,1193,12554,5601,3912,1677,4686, na ,1121,2057, na ,2371,450,14019,2139,22580,5755,917
1983,Aug, na , na , na , na , na , na , na ,41582,11841,350,6451,3272,15477,1420,1720,2147,186,847,13864,5728,4187,3124,4177, na ,826,1788, na ,1956,497,13521,2117,24729,7157,1044
1983,Sep, na , na , na , na , na , na , na ,29326,6936,236,4158,3288,14996,1082,1966,2333,147,850,11644,5087,2836,1437,3572, na ,617,1717, na ,2396,525,12744,1716,24313,6266,1188
1983,Oct, na , na , na , na , na , na , na ,29194,6450,248,4545,3216,14132,1098,2203,1002,152,543,13024,6185,2987,1680,3398, na ,943,2369, na ,3610,455,19019,2665,22792,5433,1128
1983,Nov, na , na , na , na , na , na , na ,31332,6262,264,5505,2736,12927,1401,2086,1181,171,613,13480,6896,2962,1898,3130, na ,790,2560, na ,4307,493,15948,2950,18031,3712,1045
1983,Dec, na , na , na , na , na , na , na ,27182,7330,376,5761,3040,14173,1568,2538,1715,138,883,13361,5546,2513,1684,2955, na ,705,2445, na ,3383,568,12123,2218,22322,4151,1663
1984,Jan, na , na , na , na , na , na , na ,29688,6882,342,4761,2754,14758,1658,2236,2464,179,685,14484,5837,2800,2094,3356, na ,678,2703, na ,3668,628,12659,2563,26441,4108,1644
1984,Feb, na , na , na , na , na , na , na ,29870,10968,287,9041,2528,13476,1598,1741,1361,267,524,13618,5685,3046,1701,2959, na ,737,2573, na ,3557,727,13587,2415,15901,2643,888
1984,Mar, na , na , na , na , na , na , na ,36480,6814,253,7112,3095,13413,1751,2519,1546,238,720,14301,6978,3415,2210,2904, na ,716,2337, na ,3684,652,15654,2542,17520,3508,934
1984,Apr, na , na , na , na , na , na , na ,25717,8039,287,6118,2968,14602,1681,2176,1805,436,806,12867,7822,3292,2014,3442, na ,868,2375, na ,3639,713,13846,2132,20890,4029,1020
1984,May, na , na , na , na , na , na , na ,28791,6975,337,6206,3004,20049,1477,2016,1270,224,624,10737,5144,3215,1757,3247, na ,810,2023, na ,3049,674,16648,2140,26860,5217,1077
1984,Jun, na , na , na , na , na , na , na ,26819,7289,408,5318,3511,16308,1373,1839,1622,226,727,9380,3879,2863,1692,2599, na ,490,1436, na ,2378,599,14252,1940,25808,5310,908
1984,Jul, na , na , na , na , na , na , na ,28958,10090,377,9073,3060,17539,2038,1838,2743,307,936,11655,5425,4387,2153,4757, na ,1216,2474, na ,2621,654,13603,2207,25925,6545,1133
1984,Aug, na , na , na , na , na , na , na ,43327,12989,412,7899,3037,15154,1582,2221,2282,259,802,12741,6042,5411,3927,3992, na ,867,1960, na ,2530,790,13030,1968,30686,8141,1228
1984,Sep, na , na , na , na , na , na , na ,29810,7172,587,5448,2761,16576,1249,2413,1924,209,595,11320,5267,3471,1646,3642, na ,750,1727, na ,2753,726,13610,1633,28651,6127,1281
1984,Oct, na , na , na , na , na , na , na ,29566,6784,460,5388,3007,18523,1648,2429,1297,204,538,13290,6882,3804,2039,3480, na ,851,2718, na ,4304,871,19295,2560,25549,5288,1027
1984,Nov, na , na , na , na , na , na , na ,30340,6661,526,6692,3223,15409,1565,1833,1415,204,581,13444,7540,3550,2098,2875, na ,854,2615, na ,4571,954,16636,2639,23141,4202,933
1984,Dec, na , na , na , na , na , na , na ,30168,7879,670,7214,2926,16861,1466,2420,2100,339,732,12338,6286,2953,2306,2902, na ,807,2915, na ,4048,651,14063,2180,23769,3759,1442
1985,Jan, na , na , na , na , na , na , na ,30654,6032,670,5575,2840,18435,1962,2028,1728,268,640,13252,6074,2622,2576,3227, na ,776,3170, na ,4215,641,13557,2676,30840,4129,966
1985,Feb, na , na , na , na , na , na , na ,30455,12017,504,10103,2342,14859,1626,1973,2090,344,489,12762,6012,3063,2357,3008, na ,702,2683, na ,3677,1029,13388,3157,18077,2708,628
1985,Mar, na , na , na , na , na , na , na ,39595,7513,698,7570,2607,16223,1627,2216,1837,283,655,16929,7986,3772,2070,3485, na ,759,2863, na ,4667,1093,16755,3035,20781,3644,920
1985,Apr, na , na , na , na , na , na , na ,26835,7383,485,5772,2526,13534,1663,2590,1528,217,682,13631,6523,3554,1812,3165, na ,752,2721, na ,4220,896,13598,2553,21721,4264,830
1985,May, na , na , na , na , na , na , na ,29726,6180,727,5970,2536,19821,1717,2038,1475,183,626,11331,5321,3269,1698,2978, na ,718,2309, na ,3349,815,15822,2405,26843,5495,963
1985,Jun, na , na , na , na , na , na , na ,28613,7397,719,5357,2337,17496,1449,1872,2016,218,560,9571,4350,2678,1555,3053, na ,587,1870, na ,2933,572,13329,1960,25801,4873,957
1985,Jul, na , na , na , na , na , na , na ,32045,10368,977,8103,2464,17349,2234,1751,2368,305,856,12370,5649,4191,2085,5114, na ,1125,2603, na ,3104,702,15657,2584,27202,5839,1156
1985,Aug, na , na , na , na , na , na , na ,41768,12507,800,8858,2836,19684,1644,1905,2333,344,886,13574,6100,4883,4284,3635, na ,967,2050, na ,2620,834,13872,2310,29119,6947,1467
1985,Sep, na , na , na , na , na , na , na ,30147,7040,769,6734,2317,20754,1590,1750,1313,199,464,12004,5545,3205,1721,3603, na ,786,2066, na ,3178,822,12330,1933,29276,6206,1467
1985,Oct, na , na , na , na , na , na , na ,25149,6900,859,5503,2623,23260,1757,2114,1183,239,434,14185,6695,3799,1848,3530, na ,904,3167, na ,4446,1203,18180,2989,26611,5309,1295
1985,Nov, na , na , na , na , na , na , na ,31168,6367,873,6112,2844,19309,1859,2254,1145,216,432,14431,7387,3493,2072,2972, na ,812,3388, na ,4470,1541,17291,3013,20505,4296,1224
1985,Dec, na , na , na , na , na , na , na ,31531,7955,919,7104,2525,17764,1788,2707,1888,252,623,14409,6241,2907,1897,2749, na ,645,3359, na ,4507,1183,12481,2413,24049,3742,1171
1986,Jan, na , na , na , na , na , na , na ,33048,6433,991,5903,2635,19392,2104,2057,2473,422,713,15101,7965,3302,2795,3628, na ,788,3763, na ,5126,1023,14093,2891,30773,4531,1068
1986,Feb, na , na , na , na , na , na , na ,35013,11379,708,10188,2164,16898,1639,1640,1190,191,464,14500,6390,3412,2272,3205, na ,657,2815, na ,4582,1413,12995,2765,17010,2810,996
1986,Mar, na , na , na , na , na , na , na ,38628,7914,746,7321,2532,16215,2067,1921,1792,256,712,18984,8454,3345,2732,3301, na ,1120,3080, na ,5300,1427,15550,3275,22614,3739,1131
1986,Apr, na , na , na , na , na , na , na ,28782,6603,698,6267,2284,17441,1813,2226,1592,248,689,14724,6521,3117,2047,3354, na ,688,2862, na ,4425,1173,14336,2420,23443,4173,1189
1986,May, na , na , na , na , na , na , na ,27719,6397,800,6653,2657,21485,1764,2324,975,182,523,12360,4956,3283,1740,2987, na ,876,2774, na ,3558,1440,14195,2129,27530,4999,1504
1986,Jun, na , na , na , na , na , na , na ,27376,7477,958,5584,2394,20174,1713,1919,2077,317,879,10130,3922,2882,1402,3183, na ,541,1935, na ,3312,1180,14846,1973,28052,5014,1151
1986,Jul, na , na , na , na , na , na , na ,32206,10914,1210,12398,2279,19790,2761,2356,2286,326,1320,12576,5910,4272,2396,5037, na ,1245,3104, na ,3407,1149,15804,2456,28140,5712,1129
1986,Aug, na , na , na , na , na , na , na ,48866,14203,1324,10479,2860,22136,2322,2643,2435,339,1212,14783,6890,5931,5474,4023, na ,894,2337, na ,2962,1117,14420,2354,31533,8009,1527
1986,Sep, na , na , na , na , na , na , na ,33880,8072,1026,7560,2370,22106,2413,2622,839,172,640,11241,5193,3148,1960,3646, na ,718,2431, na ,3406,1503,16593,1862,32287,7159,1599
1986,Oct, na , na , na , na , na , na , na ,33250,8280,1220,8367,2839,22190,2576,2495,1056,181,587,14634,6791,3744,2364,3843, na ,1272,3155, na ,5481,1801,20496,3412,27847,6405,1392
1986,Nov, na , na , na , na , na , na , na ,31452,7637,1222,8460,2666,19550,2205,2480,1052,215,536,15549,7737,4096,2654,3220, na ,1681,3477, na ,6207,2056,19356,4203,23205,5123,1534
1986,Dec, na , na , na , na , na , na , na ,34058,9446,1274,11208,2510,19188,2756,3423,1539,295,773,15499,7666,3039,2704,3254, na ,663,3838, na ,5827,1570,15501,2895,23434,4627,1626
1987,Jan, na , na , na , na , na , na , na ,37364,12148,1214,9707,2910,20406,2825,2338,2764,440,841,15442,8140,3359,3447,3595,966,733,3978,1372,6666,1951,15393,3284,31712,5116,1752
1987,Feb, na , na , na , na , na , na , na ,44480,11581,1098,17888,2603,17670,2244,2145,1264,240,555,16323,6961,3482,3456,3193,839,904,3599,1159,6432,2374,16167,3559,19215,3382,1557
1987,Mar, na , na , na , na , na , na , na ,49124,8322,1292,12078,2653,19918,2669,2203,1393,271,775,20919,8302,3715,3172,3282,1494,753,3748,1425,5890,3482,20154,3730,22801,4666,1739
1987,Apr, na , na , na , na , na , na , na ,33680,10571,1338,10984,2522,22020,3020,2691,1250,254,884,17065,9319,3734,2085,3550,1642,884,3416,1431,5389,2002,15827,2794,24446,4944,2316
1987,May, na , na , na , na , na , na , na ,39417,8109,1214,9400,3071,27002,2004,2040,884,229,695,13592,6144,3523,1828,3401,932,806,2807,793,4394,1602,16193,2564,24752,7132,1907
1987,Jun, na , na , na , na , na , na , na ,40167,8928,1415,8201,2643,22899,3132,2055,1294,341,870,11356,5327,3303,1581,3247,1255,711,2148,612,4096,1591,15907,2254,27587,7292,2254
1987,Jul, na , na , na , na , na , na , na ,51985,13252,1833,17561,3466,20616,3568,2543,2912,338,1727,14482,7335,4412,2764,6016,1897,1341,3367,1201,4643,1788,18781,2845,35010,9115,2419
1987,Aug, na , na , na , na , na , na , na ,65836,16756,1766,18027,3189,18855,2326,2408,2534,394,1771,17288,7258,6181,7196,5463,2718,1182,2496,1151,3737,1964,16693,2608,28615,9965,3560
1987,Sep, na , na , na , na , na , na , na ,51551,8942,1435,8894,2690,20916,2687,2482,1610,234,892,13968,6797,3439,2801,4380,1727,1412,2462,874,4548,2298,16546,2405,34304,8544,3327
1987,Oct, na , na , na , na , na , na , na ,41400,8691,1121,10825,3802,18602,2822,2270,1054,236,688,17881,8695,4171,2675,4802,1770,1520,3687,1355,6312,2072,23152,3900,31569,6799,3349
1987,Nov, na , na , na , na , na , na , na ,44538,8186,1342,11884,3903,16497,2945,2249,1073,268,626,18106,10515,4523,2791,3687,1469,1086,4266,1784,6986,3148,19697,3718,23656,5202,3142
1987,Dec, na , na , na , na , na , na , na ,41857,9622,1544,12914,2927,18113,3274,2958,1463,282,749,18816,8526,3630,3473,3579,2308,878,4381,1648,8812,1911,16859,2960,26511,4350,4188
1988,Jan, na , na , na , na , na , na , na ,47375,7455,1835,10703,4888,17498,2805,2400,1660,463,992,20200,11531,4964,5084,4503,1741,906,5151,2317,8969,2199,18790,3773,33889,5477,4105
1988,Feb, na , na , na , na , na , na , na ,49459,13414,1395,15421,2961,16746,2582,2235,2136,245,640,21250,11137,5014,5811,4304,1480,1083,4675,2032,8278,2480,16812,3835,20456,3631,3000
1988,Mar, na , na , na , na , na , na , na ,61831,9259,1326,12631,4070,17094,3208,2631,1466,281,788,27566,11997,5065,4824,4545,2018,1394,4846,1838,9185,2693,19640,4076,26811,5185,3021
1988,Apr, na , na , na , na , na , na , na ,49471,9662,1379,10989,3929,17344,2645,3242,1220,233,901,21571,9154,4665,3387,4735,2281,1184,4992,1468,8064,2611,18239,3110,27100,5126,3653
1988,May, na , na , na , na , na , na , na ,47396,7772,1397,9686,3911,22143,2030,2734,1097,215,862,16660,6714,4446,2789,4444,1671,1062,3777,1137,5665,2404,16135,2620,26511,7349,3272
1988,Jun, na , na , na , na , na , na , na ,53905,9633,1526,8520,3661,19411,3040,2409,1312,318,1026,15078,6441,3819,2837,4116,1376,850,3302,787,5171,2287,16682,2540,31907,7097,3199
1988,Jul, na , na , na , na , na , na , na ,63908,13003,1894,15353,4817,15604,3900,2957,3269,393,2247,19572,9524,6370,3966,7815,2146,1818,5041,1710,6181,1826,19452,3846,35725,8085,3542
1988,Aug, na , na , na , na , na , na , na ,72860,15542,2094,17816,5630,14891,3201,3612,2727,337,2088,22439,9295,8538,9560,7027,2751,1719,3887,1543,4881,2079,17855,3232,30464,9847,4702
1988,Sep, na , na , na , na , na , na , na ,65745,9368,2184,12173,3471,14323,2653,3151,1989,225,1066,18578,8270,4325,3525,6185,1612,1308,3611,1334,5660,2153,17005,2648,35946,8289,3997
1988,Oct, na , na , na , na , na , na , na ,53939,9629,1608,11206,4610,16732,2739,3754,1297,231,761,24328,11613,5690,3996,6332,1993,1563,5659,1853,7606,2449,24738,4178,34012,6867,4182
1988,Nov, na , na , na , na , na , na , na ,60161,9056,1931,11988,6394,15527,2617,3761,1144,232,695,23856,12506,6051,4128,5559,2588,1723,5701,1894,9115,3776,23182,4652,26793,5892,4591
1988,Dec, na , na , na , na , na , na , na ,56355,10270,2810,15625,6546,16418,2429,5323,1585,262,952,22551,10343,4148,3564,4370,2281,1122,5629,1523,8174,3067,18236,4135,31879,6238,5322
1989,Jan, na , na , na , na , na , na , na ,62896,8295,2325,12365,10991,15770,2669,4213,2344,427,988,23887,12564,5886,5065,4927,1431,1137,6217,2195,8782,3236,20113,4689,39146,6913,5111
1989,Feb, na , na , na , na , na , na , na ,59095,15611,1754,20578,6705,14214,2286,3262,1438,225,787,24292,12462,5062,4867,5183,1179,1394,5667,2254,7534,3515,18942,5120,25700,4486,3498
1989,Mar, na , na , na , na , na , na , na ,75070,12338,2348,15141,7107,15772,2999,3925,1471,251,1103,29448,16530,5564,5486,5379,1608,1433,6379,1840,8482,4326,22762,5355,34794,5537,4742
1989,Apr, na , na , na , na , na , na , na ,55784,9384,1597,15968,6187,16738,2620,4591,917,144,835,24614,11729,6340,3702,5031,1709,1413,5618,1509,6438,3483,21767,4339,33289,5982,3918
1989,May, na , na , na , na , na , na , na ,57073,8871,1914,14552,5480,20731,2097,3876,1377,253,855,18949,9472,5231,3063,5154,1754,1128,4733,1100,4603,3437,18140,3691,32007,8152,4484
1989,Jun, na , na , na , na , na , na , na ,66188,10779,1785,13076,5209,18341,3027,3639,1386,380,1023,16721,7705,3944,2666,4795,1124,996,3379,870,4727,2903,18892,3658,39638,7313,3688
1989,Jul, na , na , na , na , na , na , na ,76429,15570,1714,24678,7188,15326,3410,3172,3476,330,2417,21145,11248,6795,4816,8583,1965,2057,5475,2113,6038,2648,21928,4870,45147,10677,4028
1989,Aug, na , na , na , na , na , na , na ,91837,19544,2413,24130,8408,14473,3197,3824,2432,368,2292,24659,10945,8904,10239,7429,2513,1635,4249,1784,4434,2796,18578,3976,37501,8840,5575
1989,Sep, na , na , na , na , na , na , na ,83078,11157,2101,19650,5346,14611,2537,4394,1946,253,1098,19584,10571,5155,3610,6934,1639,1396,3954,1489,5015,2689,19696,3470,46065,8856,4487
1989,Oct, na , na , na , na , na , na , na ,68555,11070,1703,19470,7799,16299,3254,5041,1330,277,856,25053,12599,6228,3801,6391,1492,1513,5585,1967,6999,3216,25564,4798,43262,7213,4695
1989,Nov, na , na , na , na , na , na , na ,71256,11330,2338,19109,8078,15471,2843,4861,1128,318,805,26653,13435,5321,3899,6169,1412,1631,5254,2656,8052,3662,22546,6147,35795,6302,4831
1989,Dec, na , na , na , na , na , na , na ,73975,13531,2472,25087,8732,16306,2935,6027,1612,311,920,26257,11323,4355,3816,4889,2237,1093,6019,2052,8030,3397,19051,5131,37874,6393,5895
1990,Jan, na , na , na , na , na , na , na ,78618,14979,1995,16600,14636,15533,2843,4308,2482,448,1064,25550,11858,5101,5516,4921,1848,1008,6279,2412,8189,3561,19503,5846,45110,6578,4921
1990,Feb, na , na , na , na , na , na , na ,86924,14144,1535,24117,10282,14458,3032,3916,1279,322,781,28514,12146,5784,5020,5245,1382,1348,5511,2548,8152,3724,21831,6070,30222,4052,3644
1990,Mar, na , na , na , na , na , na , na ,93829,12261,2094,20581,8017,16831,3080,4132,1487,302,989,28935,14568,7413,4718,5699,1572,1922,5764,2510,8939,4440,22981,6748,33151,5396,4089
1990,Apr, na , na , na , na , na , na , na ,67686,15829,1843,19240,6465,17060,2193,4035,1186,133,854,27495,13186,5429,3011,5206,1792,1251,5326,1802,6667,3792,21037,4409,38808,5562,4188
1990,May, na , na , na , na , na , na , na ,65761,12970,2208,16990,7006,23681,2572,3320,1230,206,790,21998,8998,5973,3242,5841,1338,1229,3991,1582,4808,4147,20982,4609,33341,6843,4332
1990,Jun, na , na , na , na , na , na , na ,80669,13908,2313,14550,6242,20279,2826,3158,1726,436,1081,16997,7923,4332,2754,4664,1244,879,3283,1015,4392,3192,21065,3622,38633,6527,3611
1990,Jul, na , na , na , na , na , na , na ,84795,21375,2589,22660,8465,17631,3251,3165,2628,538,2318,22890,11417,7257,4615,9201,1537,2174,4958,1915,6769,3649,23451,5127,46689,6648,3962
1990,Aug, na , na , na , na , na , na , na ,99884,27105,2897,22953,11246,17567,2817,3798,1922,121,2132,26254,10762,9375,11085,7274,2074,1909,4278,1963,4828,3349,20712,4202,37408,8083,5360
1990,Sep, na , na , na , na , na , na , na ,81936,13749,2451,14673,7021,17940,2630,4089,859,20,793,20688,11196,6019,5065,7396,1350,1652,4438,1747,5837,4140,21287,3980,43988,7363,4861
1990,Oct, na , na , na , na , na , na , na ,76060,15130,2231,15571,8651,17748,2939,3976,573,18,699,24921,13064,5584,3878,7288,1100,1605,5560,1885,6964,4505,24218,4918,39152,5289,5034
1990,Nov, na , na , na , na , na , na , na ,78973,14459,2904,16081,10098,17798,2374,4356,623,33,636,26215,14644,5620,3690,5774,1177,1825,5360,2219,8203,5228,22787,5809,31723,4831,5597
1990,Dec, na , na , na , na , na , na , na ,76460,18229,3168,20762,10297,20001,2665,5589,910,25,905,26134,11324,5173,3692,5336,1853,1144,5650,1637,8803,5474,21590,5801,38335,5541,6598
1991,Jan, na , na , na , na , na , na , na ,77271,11028,3035,15576,18799,16340,2499,4246,686,13,822,23347,12688,4924,4336,5064,1233,1042,5902,1940,8758,4761,19219,6041,39835,5056,5389
1991,Feb, na , na , na , na , na , na , na ,41290,23678,2051,27281,6068,14225,2758,3864,719,8,492,22913,11281,4418,1996,4196,727,876,4245,1632,6164,3983,15793,5108,24916,3166,3194
1991,Mar, na , na , na , na , na , na , na ,48146,19561,3331,19441,7419,17137,2742,4388,858,11,845,26390,13782,4837,2604,5269,842,1236,4831,1520,7312,4502,19236,5381,28049,4339,4192
1991,Apr, na , na , na , na , na , na , na ,52736,13221,2809,25818,9201,18220,2459,3953,922,31,893,22573,11826,5993,2763,5030,1307,1256,4357,1282,6068,4541,19136,3911,26216,4027,4442
1991,May, na , na , na , na , na , na , na ,61403,13143,2931,20897,9964,24135,3121,4165,1076,17,867,19807,10347,5632,2906,4932,863,1026,3579,1221,4447,4204,19847,3975,24720,6089,4450
1991,Jun, na , na , na , na , na , na , na ,73972,17548,2989,20094,9077,19405,2879,4387,1659,42,1337,17392,8535,4362,3570,5300,859,1001,3355,943,5212,3444,21713,3868,33307,5746,3832
1991,Jul, na , na , na , na , na , na , na ,79119,22258,4054,31213,13309,17116,4041,4568,1105,56,2314,22302,11473,6839,5135,8494,1298,1796,5002,1415,6799,3133,26079,4864,34342,5654,4616
1991,Aug, na , na , na , na , na , na , na ,99175,30664,3426,34572,18015,15482,3514,5330,3130,48,2409,24241,11876,9016,11272,7009,1809,1548,4139,1565,4764,3562,20989,4518,27356,6447,4926
1991,Sep, na , na , na , na , na , na , na ,92045,15125,3596,21655,8229,17266,3179,5232,2514,65,1238,21269,11997,6273,5015,7236,1087,1436,4295,1262,5571,3367,21084,3874,32618,6976,4437
1991,Oct, na , na , na , na , na , na , na ,79891,14101,3946,25456,9592,18555,3600,4984,1179,76,848,23279,13529,6407,4419,8741,1326,1766,5658,1772,6384,3510,23896,4860,33428,4739,5181
1991,Nov, na , na , na , na , na , na , na ,79268,13948,4808,20998,10740,15642,3460,4949,1128,77,792,26097,13417,5965,3987,5546,1169,1653,6116,1799,8688,3448,24168,5735,29621,4891,4770
1991,Dec, na , na , na , na , na , na , na ,86966,18771,5357,24078,12122,16124,3511,5897,1404,84,937,25077,11551,4932,3828,5391,1582,1174,6208,1611,9142,4029,22588,6406,33548,4856,6297
1992,Jan, na , na , na , na , na , na , na ,87617,13386,4784,21329,22160,15123,3449,4663,1785,200,966,24302,12215,5670,5325,5399,1397,1275,6313,1990,9619,3248,24800,6833,34477,4715,5568
1992,Feb, na , na , na , na , na , na , na ,90575,28979,3531,39664,15344,14257,3658,4551,1532,144,812,27531,12955,6088,4149,4848,1087,1401,5468,1913,8681,2835,25525,6218,27083,3631,4272
1992,Mar, na , na , na , na , na , na , na ,101245,14158,4767,28755,11523,15819,3077,4823,1150,60,849,28239,14144,5992,3491,5992,1173,1112,5391,1744,8193,3382,23432,5997,26839,3465,3810
1992,Apr, na , na , na , na , na , na , na ,66640,18395,4238,30723,10851,16553,2690,5877,1554,91,1124,28449,14265,6375,2742,5850,924,1311,5456,1661,6587,3815,21332,5202,29911,4547,5596
1992,May, na , na , na , na , na , na , na ,68429,15187,5341,27162,9463,21715,3138,5491,929,104,820,22397,10965,6043,3585,5901,918,1366,4355,1329,4592,3284,23463,4375,28737,5407,4644
1992,Jun, na , na , na , na , na , na , na ,82898,17449,5733,30727,9171,19562,2966,5874,1382,85,1252,19703,10005,4349,3413,5032,873,1057,3302,997,4899,2681,24503,4087,29809,4942,4380
1992,Jul, na , na , na , na , na , na , na ,84131,24626,6660,50620,12656,17081,4419,4564,2315,155,2427,23908,12782,6827,5285,8557,1340,2340,5117,1507,6759,2785,26005,4997,40044,5875,5363
1992,Aug, na , na , na , na , na , na , na ,98442,30225,8135,43275,15981,15059,3317,4807,3759,248,2504,27301,12855,9110,10999,8070,1896,1666,4387,1507,4626,2901,22680,4948,31203,6483,6248
1992,Sep, na , na , na , na , na , na , na ,93411,15786,8787,29361,10175,15289,3163,4324,2217,193,1024,23132,13423,5392,5141,7607,1310,1533,4199,1193,4356,2777,21327,3758,38287,6535,6178
1992,Oct, na , na , na , na , na , na , na ,68361,15083,9804,27430,10616,16692,3669,4399,1324,142,859,25306,15607,6142,4145,8598,1125,1901,5658,2157,6362,3563,25291,5147,35923,5976,6906
1992,Nov, na , na , na , na , na , na , na ,72924,17567,15125,27083,13290,14340,3112,3704,1246,163,825,28347,17126,6564,4728,6662,1395,1880,5703,1953,7878,3081,25398,6201,29350,5023,7524
1992,Dec, na , na , na , na , na , na , na ,86101,21747,16024,29930,14306,13978,3561,5016,1490,198,1061,24694,13991,5273,3565,5729,1525,1455,5290,1646,7884,3529,23816,6146,33414,5368,9197
1993,Jan, na , na , na , na , na , na , na ,76072,26893,10786,34754,24326,12377,3254,3190,1949,289,987,25308,14877,5437,4984,5402,1144,1435,5910,1779,8674,3174,25047,6602,35024,4987,7817
1993,Feb, na , na , na , na , na , na , na ,86940,16175,14202,39598,19939,12393,2820,3477,1125,309,670,26188,16342,5501,4564,5228,875,1328,5251,1899,8290,3636,25585,5772,24694,3469,5615
1993,Mar, na , na , na , na , na , na , na ,88952,24363,19994,30124,14588,13157,2381,3512,1347,118,1203,32410,17839,6049,4277,5553,1059,1509,5286,1688,8274,4033,27794,6046,25352,3948,6243
1993,Apr, na , na , na , na , na , na , na ,59401,23327,25114,34372,11548,16458,2958,4448,1217,158,1071,29914,15872,6078,3926,6033,1449,1434,4795,1882,6748,3678,22888,4666,28268,4673,8079
1993,May, na , na , na , na , na , na , na ,66694,14798,30038,29596,12690,19301,2847,3718,1256,170,910,22767,14087,5864,4040,5815,1096,1309,4587,1501,4464,3674,26268,4624,30444,5772,6925
1993,Jun, na , na , na , na , na , na , na ,81924,18194,25922,31268,10661,16364,3286,3479,1143,220,1198,19929,11099,4849,4068,5061,1065,1188,3352,1066,4711,2512,23967,4137,31853,5253,8442
1993,Jul, na , na , na , na , na , na , na ,86816,26968,22538,52990,17573,15805,4041,3958,2584,315,2977,22916,14408,7267,6213,9448,1479,2418,5533,1485,6979,2702,26566,5060,34564,5944,8290
1993,Aug, na , na , na , na , na , na , na ,108485,32159,19947,50103,21098,13926,3200,4781,4338,393,2720,27908,14210,9678,12293,8336,2141,2016,4532,1628,5312,3191,23945,4840,27251,6674,8350
1993,Sep, na , na , na , na , na , na , na ,95410,15291,18002,28854,11323,15212,2590,3889,2259,204,1178,24139,14047,5730,5754,7272,1404,1652,4517,1226,4902,3319,22460,4130,34936,6693,8967
1993,Oct, na , na , na , na , na , na , na ,75969,16712,14316,31468,14992,15807,3084,3892,1259,167,968,27773,19718,6217,5300,8081,1014,1979,6395,2105,6671,3466,27099,5439,33262,5301,9500
1993,Nov, na , na , na , na , na , na , na ,81683,16274,12734,29831,17896,14016,2994,3597,1271,198,864,27925,20560,8777,4795,6350,1036,1812,6439,2626,7716,3963,27486,6264,28181,4616,8150
1993,Dec, na , na , na , na , na , na , na ,92617,21686,12130,34055,21664,14851,2912,5232,1403,290,1200,23524,15111,5729,4231,5999,1317,1474,5904,1729,7443,4802,28282,6331,31296,5628,11250
1994,Jan, na , na , na , na , na , na , na ,85710,13416,11211,28932,38715,14270,3078,3602,2174,575,1143,24808,17747,6231,5369,6637,1206,1752,6254,2128,8555,4732,29765,6998,32693,5500,10237
1994,Feb, na , na , na , na , na , na , na ,87097,31899,6527,51698,22815,13354,2216,3357,955,288,814,25933,16727,6450,3758,5380,884,1377,4995,1961,7708,4693,29311,6433,22977,3748,5640
1994,Mar, na , na , na , na , na , na , na ,117167,19868,10806,35768,25732,13013,2649,3648,1717,336,1294,28911,22763,6345,3793,6224,1096,2155,5521,2374,9233,5065,33940,7001,27478,4849,8913
1994,Apr, na , na , na , na , na , na , na ,73250,22520,11653,45257,20376,15167,2867,4719,1117,263,1117,26652,18112,7730,3081,5353,1158,1692,5301,1568,6806,4887,26579,5143,27895,5453,9369
1994,May, na , na , na , na , na , na , na ,82701,16741,13115,31167,20564,17801,2769,3842,1783,202,1037,20993,13429,6057,3297,5058,1044,1404,4111,1564,4322,3587,27787,4312,25648,6975,6117
1994,Jun, na , na , na , na , na , na , na ,81871,22411,11915,35557,16201,16498,3139,3419,908,286,1362,18610,10157,4457,3339,4501,968,1187,3014,1004,5377,3774,26603,4107,28987,5729,6622
1994,Jul, na , na , na , na , na , na , na ,90550,28985,14332,63355,24121,14677,4562,3923,2621,408,2915,24964,14992,7194,4941,8635,1487,2587,5129,1779,8210,3490,29755,5128,35183,6441,9268
1994,Aug, na , na , na , na , na , na , na ,117169,37265,14910,65536,32319,14024,3510,3871,4294,505,2829,28642,14334,8814,9489,7375,2509,2029,4162,1602,5139,3915,29534,4873,27014,7112,8370
1994,Sep, na , na , na , na , na , na , na ,104928,17766,13971,40817,18023,14002,3005,3844,2095,332,1401,24635,15116,5783,4606,7729,1279,1670,4153,1451,5177,3303,24680,3744,33102,7019,8227
1994,Oct, na , na , na , na , na , na , na ,81115,17546,17561,40352,17392,13413,3431,4108,1116,232,1039,28246,19330,6869,4468,7567,1146,2022,6095,1616,7341,4086,29385,5159,30986,6094,9669
1994,Nov, na , na , na , na , na , na , na ,93271,17980,20308,32974,22825,12673,3643,3829,1105,276,1063,25957,20155,6222,3978,5849,1189,2219,6427,2509,7934,4905,28156,6558,25270,4955,7879
1994,Dec, na , na , na , na , na , na , na ,94400,24375,18577,39366,30443,14905,3960,5369,1257,290,1284,23633,13118,5046,3411,5604,1345,1534,4956,1821,7069,4881,28183,6042,30129,5176,10381
1995,Jan, na , na , na , na , na , na , na ,92230,19903,13705,37639,49998,13072,3449,3658,1553,339,1126,23360,15986,5869,3773,5460,1051,1406,5213,1980,7697,5087,28996,6000,32518,5451,9252
1995,Feb, na , na , na , na , na , na , na ,85093,29260,13318,64140,37299,12606,2503,3416,736,143,861,23222,15470,6200,3277,4866,974,1306,4774,1889,7662,4530,27038,5525,22190,3654,5290
1995,Mar, na , na , na , na , na , na , na ,111035,18362,17417,37507,32902,13430,3609,3767,1238,278,1417,26669,18645,6172,3536,5443,1078,1347,4467,1884,7833,4733,31758,6210,25574,4395,7011
1995,Apr, na , na , na , na , na , na , na ,71601,26795,16343,48125,20974,15414,3760,5106,939,192,1061,25412,18473,6351,2697,5045,1132,1454,4500,1709,6851,4321,25322,4604,26000,5208,8242
1995,May, na , na , na , na , na , na , na ,83667,17561,18504,34425,19977,20001,3329,3681,1223,259,1073,19662,13115,6148,3213,5290,803,1347,3641,1448,4419,3306,27649,4596,26309,6192,6059
1995,Jun, na , na , na , na , na , na , na ,93032,20316,15444,44205,16830,17585,4313,3493,881,330,1281,17860,11500,4732,2919,4983,922,1167,2812,1084,5465,2754,29147,4167,27060,5552,5622
1995,Jul, na , na , na , na , na , na , na ,108994,29689,16714,73752,29491,16218,6371,3943,2631,425,2610,23153,14534,7183,4886,8024,1282,2307,4956,1609,7214,3371,29992,5385,33448,6447,7087
1995,Aug, na , na , na , na , na , na , na ,133274,37377,16538,69253,39068,15031,4881,4813,4520,514,2775,27889,14663,8539,8262,6889,1905,1925,3907,1662,5301,3709,26901,5161,27811,6666,6973
1995,Sep, na , na , na , na , na , na , na ,111098,18148,15175,45343,19773,16753,4467,3767,2108,307,1245,24756,17604,5623,4284,6941,1102,1695,4424,2444,5718,3360,26413,3770,34508,7381,7163
1995,Oct, na , na , na , na , na , na , na ,87540,18301,17825,40464,23076,16989,4778,3699,845,262,1000,27956,19090,6928,3727,6779,1319,2002,5531,1897,6969,3511,33019,4974,33453,5428,7153
1995,Nov, na , na , na , na , na , na , na ,103551,19353,19924,32443,27753,14733,5380,4078,837,226,958,26406,18290,5697,3284,5907,1241,1625,5646,2422,7988,4152,29697,5572,29211,4598,7199
1995,Dec, na , na , na , na , na , na , na ,97791,24726,21046,35991,33834,16662,4219,5366,1220,267,1101,22325,12860,5189,3087,4961,1653,1324,4419,1585,7161,4057,29580,5905,28681,5225,9880
1996,Jan,4600,75854,47953,10594,16996,1536, na ,105750,15868,19510,36473,57136,14707,4171,3638,852,150,879,24826,16463,4986,3862,5276,1114,1375,4755,1928,8406,5520,33675,6300,33004,5216,8365
1996,Feb,5207,98406,57795,10397,15892,1345, na ,84686,32198,18351,55018,32462,12537,2799,3003,825,471,693,25563,17082,7467,3041,5019,900,1513,4789,2094,8014,4136,30853,6215,21396,3645,4445
1996,Mar,4290,75483,55908,13487,23085,1605, na ,122188,21981,20888,42580,42380,15635,4249,4034,832,281,1081,29122,21450,7025,3324,5662,1039,1734,5195,2117,8993,3908,34876,6922,28934,4881,6954
1996,Apr,4063,73102,57477,15889,31643,1467, na ,80078,26255,18288,46446,26761,17905,3903,4996,1325,383,1260,27421,17526,7645,2646,5213,994,1712,5266,1810,7067,3895,30082,4828,25767,5551,7386
1996,May,5266,72856,60156,14858,23901,1681, na ,78901,18752,26045,40295,27975,21722,3381,3700,708,226,787,20758,13524,5859,2844,4861,919,1295,4435,1391,4847,3885,28492,4341,25775,5325,5698
1996,Jun,4543,106646,64730,11724,18922,1969, na ,91658,24476,11006,42114,22244,20141,4480,3697,706,292,1102,20122,10746,5188,2730,4760,1261,1319,3953,1251,6082,3584,32088,4571,29769,6303,5407
1996,Jul,5358,110503,55219,11684,20151,1954, na ,99010,28195,17949,55703,31934,17268,5458,3896,3012,625,3246,24253,12833,6956,3723,6749,1639,1999,5086,1930,7801,3871,31229,5535,33270,7046,6512
1996,Aug,6245,82822,56621,11997,19165,2126, na ,114635,37623,17662,57162,37145,16020,4038,3744,4568,685,3235,28483,13530,8287,6692,5781,1768,1918,4140,2096,5588,3832,29037,5544,28349,6544,6389
1996,Sep,4597,75232,52026,12566,16500,2350, na ,103706,18581,15127,34036,19266,15872,3493,3575,1421,243,1216,25320,15133,5680,3482,5786,838,1692,4418,1592,5727,3361,27605,4011,33247,7181,6736
1996,Oct,4079,86438,56312,13157,26526,1825, na ,88760,21742,18084,38828,25995,18674,3487,3562,870,208,944,29589,19584,5959,3265,6135,1172,1858,6326,2114,7743,3480,32914,5323,34093,5577,6875
1996,Nov,5083,82048,60006,13209,16730,1907, na ,98198,19259,21241,40827,27947,17083,2997,3635,749,265,869,30458,18668,5716,3225,5696,1005,1689,6583,2735,8726,4569,32954,6133,28433,4957,5969
1996,Dec,9864,123879,76733,14619,23054,2160, na ,104291,23599,22526,38958,33228,16593,3475,4918,1035,363,1190,26594,14097,5905,3065,5132,1223,2050,5706,1975,7931,4367,30199,5851,29556,5495,8880
1997,Jan,4741,86930,51168,11778,17482,1709,2102,101222,15974,22226,32880,51670,16077,2701,3553,661,161,893,28846,14742,5483,3671,5456,1023,1751,5102,1964,9438,5266,34682,6356,35033,5411,6728
1997,Feb,4350,122961,60067,10946,17079,1976,1925,94814,30591,20102,54677,30742,13001,2307,2901,945,336,860,29078,15246,5259,2679,4880,737,1966,4762,2032,8586,4490,30436,5934,24058,3441,4156
1997,Mar,3739,90223,54780,16024,20685,1792,2378,115936,26423,19995,42163,37501,17075,3804,3691,922,263,997,37596,19555,6319,3147,5417,1045,1818,5224,2100,9355,4402,36114,6372,29883,5005,6657
1997,Apr,3969,88338,59677,15666,29631,1823,2640,81059,19824,20813,44600,19877,18352,2953,4333,1439,329,1115,30933,18185,6705,2929,4996,982,1685,5092,1893,7403,3667,32040,4960,26843,6013,5762
1997,May,5509,83521,65487,16418,22094,1649,2582,74525,18489,27195,44301,20632,25832,3301,3801,637,193,772,24766,14618,5886,2937,4790,925,1594,4146,1333,5968,3552,30916,4722,30443,5699,4823
1997,Jun,4842,111073,59035,13033,17245,2153,2605,88117,19497,19459,51044,19279,21988,3833,3573,879,374,1292,21880,11112,5610,3154,4570,1138,1621,3554,1010,7108,3902,33941,4595,33361,7013,4907
1997,Jul,5896,143679,56137,13902,17195,2162,2257,103095,24406,15101,59691,26850,20394,4495,3784,3320,919,2738,25651,12199,7456,3692,6677,1240,2307,4626,1645,8087,3519,31365,5077,37140,7799,6263
1997,Aug,6119,91044,52493,12757,13662,2203,2306,109875,34052,20025,48729,32187,19021,3851,4501,3030,1187,2764,28989,13719,8854,7193,5668,1603,2161,3729,1629,5976,3068,29273,5261,32763,6999,5906
1997,Sep,4315,85196,58419,13253,13398,1996,2414,98260,18212,14094,37371,17260,17761,3445,3949,922,309,1045,25188,13194,5952,3700,5505,1062,1857,3935,1431,5794,3143,27835,3847,38277,6940,5930
1997,Oct,3845,79811,51022,13337,13863,1876,2507,65169,14155,16586,24198,13624,20540,3296,3733,617,213,730,25982,12420,5362,2837,5155,972,1936,3883,1366,6819,3107,29011,4110,33473,5700,5566
1997,Nov,5331,86661,52918,13791,12736,1903,2595,80014,17991,18598,26745,18583,17872,3109,3953,735,201,859,28772,13160,5277,2833,5057,1017,1775,4596,1319,7492,3979,31604,5462,29428,4724,5677
1997,Dec,8498,102105,60839,14552,15247,2262,2923,81950,25219,20918,33381,10230,18699,3679,5365,891,270,1138,25475,11395,5439,2663,4981,1222,1519,4331,1156,7169,4690,29196,5831,30760,5628,8242
1998,Jan,4243,76199,43368,11731,12183,1947,1301,67732,22846,24498,37008,5425,17096,2677,3727,910,228,850,28052,12081,5707,3253,5124,961,1551,4317,1270,8213,5409,28848,5985,35837,5610,6833
1998,Feb,3949,64388,45077,11310,13390,1435,1392,64790,21957,23345,41068,4902,16694,3295,3589,990,281,822,32740,13531,7865,3148,5190,880,1490,4198,1492,8500,3933,30432,5380,28867,4069,5158
1998,Mar,5660,63396,44830,12981,15029,1884,1773,80598,24235,21438,25321,5479,17510,3051,4215,993,184,1115,34719,15249,6780,3541,5054,1524,2322,4311,1567,8403,3948,33056,5930,33050,4488,6457
1998,Apr,4981,59552,44793,14996,17979,1850,1813,54096,28389,20174,27173,5797,19397,2445,5080,1685,347,1207,32177,16371,7338,2977,4619,989,1910,4529,1812,7156,3251,27264,4725,33725,6505,7114
1998,May,4971,121760,49151,14987,17320,1708,1777,56948,19515,23233,30579,6294,27516,3085,3946,703,188,875,25235,11978,6309,2812,4798,775,1402,3336,1383,5343,3076,30196,4770,34649,6875,5187
1998,Jun,4713,77611,43702,12061,14562,2021,1485,65582,21328,20735,33537,6441,23374,3182,3634,1186,285,1288,22208,9134,4639,2482,3668,962,1241,2493,776,5157,3271,28239,3965,34608,7116,5534
1998,Jul,5133,79119,41413,11130,15094,1928,1369,85403,26338,30318,32648,8611,20872,3688,4265,5303,1582,3659,26971,11019,6512,3384,5669,1098,1934,4264,1351,6584,3161,28157,4789,40049,9849,6896
1998,Aug,3717,76256,38710,11293,14463,2212,1477,90011,30615,30923,37063,10073,18431,3123,5276,4534,1713,3746,33194,13756,8982,6950,5265,1894,1901,3295,1730,5223,3179,26333,4809,36162,8134,7239
1998,Sep,4055,63871,43272,10863,14238,1715,1390,80645,17543,18523,21404,8791,19889,2429,4436,1111,495,1304,27971,13437,4696,3151,4457,985,1422,3244,1126,4808,2483,23019,4306,39610,9830,6101
1998,Oct,3929,73537,38392,11221,16628,1874,1564,58112,21358,22143,22512,11286,22960,2544,4347,1017,232,992,31285,15213,5315,3127,5371,1036,1614,4814,1716,7443,2790,27087,5478,41035,7814,6554
1998,Nov,5165,73958,38597,11423,14128,2048,1265,64603,17287,27121,26326,13125,18623,2554,4411,982,218,972,32575,15685,5653,2948,5453,1115,1815,5207,2026,7877,3534,30509,7252,34034,5817,7123
1998,Dec,8954,100071,48264,11681,18993,2051,1856,75193,21692,30831,27721,13035,21321,2794,6192,933,202,1447,30812,11752,5878,3023,5405,1329,1558,4246,1331,7934,4012,29493,6877,35602,5467,8943
1999,Jan,4629,114115,37231,10616,15062,1658,1380,69791,14612,33918,26301,17221,18325,2093,3998,1355,412,1370,30889,13473,5516,5253,5620,1355,1438,4513,1730,9042,4933,30107,7170,43320,6361,7368
1999,Feb,3560,73732,36404,10169,14539,2168,1387,61360,27059,48084,28430,14950,17054,2425,3916,640,168,881,35283,13792,6198,3285,5273,810,1414,4284,1528,8295,3277,26527,7021,28788,4029,5741
1999,Mar,4189,87192,40066,14478,18413,1839,1656,84930,19209,27406,21419,16436,19968,2950,4827,1634,418,1469,40521,18143,6935,3732,5596,1033,1648,4807,1589,8974,3533,34533,9431,39232,5587,7785
1999,Apr,5092,78634,40327,15045,25438,1994,1715,52417,21430,29115,24304,15332,22968,2908,6254,849,213,1049,33589,15209,6645,2546,4591,939,1690,4084,1441,6731,3350,25897,5801,35194,6400,7963
1999,May,4831,122691,48918,16309,21066,2131,1591,56751,16900,29293,21435,18961,32145,3042,4698,943,152,1011,24425,12274,4923,2292,4317,748,1335,3307,1002,4563,3123,26598,4945,34752,6862,5892
1999,Jun,4922,125112,43084,14790,18133,2218,1901,65468,19869,24324,28590,16872,28785,3152,4664,2654,301,1562,24007,10499,4801,2523,3875,874,1155,2703,905,5424,2638,32718,4294,38786,9052,6891
1999,Jul,4423,108181,41136,12806,20363,2811,1566,74359,28532,32351,36294,21775,23973,4388,5413,7018,1890,3707,31412,12533,6478,3689,6034,1238,2083,4079,1456,7738,3427,30227,5080,44827,10520,8017
1999,Aug,5150,91673,38867,12806,17500,2856,1641,94967,30325,32085,33295,23531,21432,3853,6106,4339,2422,4015,38247,12825,8530,8601,6125,2073,1766,3387,1590,5422,3123,29348,5495,40588,7625,8258
1999,Sep,4366,86055,43747,13296,18338,2166,1725,83864,19206,22004,23942,17294,22880,2990,4754,1132,520,1417,34068,13483,4886,3425,5491,1009,1641,3283,1210,5117,3040,25606,4445,47127,10205,7625
1999,Oct,4049,100043,43272,14594,24510,2410,2009,67930,21613,26703,21454,25851,28210,2794,4877,960,232,1170,39333,16932,6875,3235,6624,996,2126,4980,1527,7701,3842,31212,6179,44438,8550,8041
1999,Nov,4945,91174,43396,13449,16878,2403,1669,76513,19639,34123,27071,29368,25938,2718,4517,795,228,1108,42012,16364,6913,2872,6191,1029,2036,4582,1603,8700,4048,29553,6377,34352,6288,7575
1999,Dec,7144,131422,52751,13574,19235,2127,1906,72312,21639,33475,24967,24635,26705,2951,6077,790,181,1485,27688,12329,5349,2361,4928,1240,1625,3836,1144,6687,4500,29133,6291,34663,5178,9001
2000,Jan,4138,149528,41261,11809,15792,1698,1479,72131,16288,38887,19329,32621,22301,2598,4136,1441,549,1445,33617,15655,5683,4012,6145,1179,1802,4174,1537,8436,5499,29748,6544,42006,5728,7756
2000,Feb,3538,88342,42072,13111,16981,3073,1525,71245,28265,45148,30528,28932,21597,2944,4256,680,205,958,40845,15951,7644,3335,6464,839,1875,4588,1664,9493,4298,33919,7412,30932,4447,6035
2000,Mar,3628,102620,43849,16490,22217,2457,1790,91844,21513,30644,22934,30682,23847,2950,4531,1754,406,1577,42812,16300,6592,3137,6453,908,1881,4090,1614,9274,4271,36707,7808,37471,5390,8769
2000,Apr,5527,100059,47993,19269,29985,2830,1971,60540,29308,36511,27737,27237,29317,3293,7335,760,233,1361,40303,16067,6714,3143,5492,745,1929,4519,1656,7870,3615,29099,5610,41391,7992,10398
2000,May,4586,91843,48783,18790,21959,2246,1831,62152,20822,37934,23635,30739,43879,3199,4939,734,180,1115,27903,12535,5207,2565,4978,800,1445,3547,1196,5087,3240,30033,4919,38100,7703,7569
2000,Jun,5533,105539,48426,14706,21446,3251,2062,67977,22011,30706,26582,25318,38287,3597,5121,3122,451,1670,26517,10815,4839,2540,4931,881,1393,2995,969,6294,3269,32944,4479,41563,8765,7508
2000,Jul,5448,128207,43423,13936,20357,2978,1669,84634,30218,36148,35570,32960,28127,5159,5171,7175,2029,4001,34664,11990,7282,3438,7986,1294,2422,4301,1464,8256,3726,34455,5430,48583,11535,9129
2000,Aug,6658,96891,43952,14168,19311,3227,1822,101785,31963,41162,30732,34877,26859,4237,6222,5001,2971,3720,39598,13193,8442,7709,7284,1908,2291,3575,1388,6020,3596,31776,5884,44627,8205,9017
2000,Sep,4545,94625,50267,13683,19266,2584,1655,89417,20566,31239,19824,23207,28881,3570,4970,1262,460,1434,34229,12813,5064,3329,6372,1215,1951,3367,978,5787,3153,28323,4250,49341,12237,7297
2000,Oct,3958,105711,45592,15216,22009,2541,1704,73383,21512,35195,17685,28185,29385,3785,4847,1072,290,1168,40203,15791,5840,3254,7781,1305,2425,4612,1223,8353,3916,32670,5851,48281,8837,8342
2000,Nov,4477,94642,50641,14967,17934,2563,1906,80889,21326,32999,17034,31169,27058,3895,5336,756,216,1097,42316,16171,6041,3071,7156,934,2284,4511,1307,8538,4374,33171,6681,42794,6859,8156
2000,Dec,5877,155309,58491,14887,19493,2389,2677,73898,22183,37762,19314,28426,26818,3268,6306,994,231,1471,41969,12127,5425,2697,6284,1162,2200,4044,983,8164,4187,32740,6525,45258,6576,9532
2001,Jan,3830,115824,45594,12562,17330,2629,1713,65381,27778,56460,20418,32727,23699,3123,4176,1114,532,1321,45231,12891,5384,3023,6299,1079,1740,4065,1241,8790,5947,33297,7071,50416,7220,8385
2001,Feb,4373,94251,40761,14196,18039,2211,1639,72335,18442,36157,20078,32777,23975,3688,4370,839,345,1076,44240,15611,6564,3338,6395,783,1950,4248,1308,9166,4267,31381,6815,36260,5227,6135
2001,Mar,4668,110821,47514,17002,22656,2490,1808,85655,27025,30320,16438,32441,27300,3861,4970,1440,469,1647,49496,18041,6353,2930,6978,764,2088,4061,1407,9359,4361,35194,7461,41910,5854,7786
2001,Apr,6392,94613,45923,21009,27816,2684,2211,58348,25816,37542,19756,30150,28454,4173,6058,850,209,1434,40964,15126,6434,2316,5334,687,1793,4020,1081,7475,3647,27734,5537,45145,7561,8756
2001,May,4867,99026,53572,19195,25807,2340,1595,58984,19806,41999,16381,28842,41233,3991,4826,1007,256,1283,28245,13585,5746,2294,5347,635,1878,3198,793,4855,3978,29411,5475,45091,8321,6740
2001,Jun,5522,109705,52523,15870,22556,3043,1962,64582,23752,31882,19445,26914,36281,4702,4227,2502,471,1770,27897,10973,4920,2342,5253,796,1491,2840,770,6022,3761,31692,4652,46600,9345,6178
2001,Jul,6083,135816,47020,14460,21522,3618,1754,76373,24929,45570,25185,34830,28493,6358,4731,8469,2316,4095,36151,12761,7441,3514,7987,1139,2472,4051,1438,8220,3918,32865,5682,55458,11376,8608
2001,Aug,6596,107481,47436,15481,22090,3460,1601,92508,28515,51208,21981,35899,25302,4748,5202,6121,3088,3754,39004,13082,8782,6791,7330,1986,2427,3403,1377,6087,4117,28641,5794,45566,8992,7834
2001,Sep,4665,98188,53851,14553,19644,3854,2038,69850,20024,34386,15218,23526,27260,3785,4262,1288,437,1442,33716,13939,4835,2932,6114,1306,2113,3675,1141,5828,4507,22164,4576,53867,10202,7447
2001,Oct,4436,115797,43037,15289,25476,2871,1783,35970,19363,42586,14259,24125,25595,1537,4207,458,189,1020,36163,15164,4945,2476,6334,610,1929,4561,1200,7255,3874,19271,4786,50839,8449,6641
2001,Nov,4418,99740,46272,14599,17845,2929,1622,32294,18583,41208,15219,29452,24792,437,4085,305,133,1010,38748,14577,5088,1839,5741,634,2010,4162,1358,6844,3981,23970,5347,38329,5692,5580
2001,Dec,6414,183118,55216,16414,20177,2504,1949,43483,22124,48080,17709,27400,27429,439,5134,720,245,1767,40163,11231,4964,1944,5877,900,1529,4235,937,7107,4773,28188,6077,41200,6044,7899
2002,Jan,4031,105008,40207,13518,18648,2536,2048,47447,16630,50303,18995,38613,24841,705,4351,385,431,1551,44699,12520,5454,2141,5847,962,1617,4272,1106,8517,5998,28906,6833,47549,6857,6586
2002,Feb,4090,90150,43635,13668,17579,2987,1367,49583,26760,81649,21463,30745,21446,452,3720,489,459,1289,44836,13124,7060,2487,5411,859,1855,3973,1182,8487,4544,27918,6408,34828,4518,4302
2002,Mar,4517,114203,44116,20245,22804,2704,1768,68549,24043,42728,16038,38393,29162,774,4437,422,251,1378,51015,17412,6981,3137,6054,1096,2507,4480,1495,9754,4672,30479,6751,42579,6093,6658
2002,Apr,5508,98809,47413,20192,30425,3328,2086,49149,21771,63880,17554,32704,28644,794,5820,480,221,1256,38055,15166,6894,3489,5885,981,1728,3929,1308,7078,4108,24640,4903,45350,6945,6248
2002,May,4283,99719,49524,21424,24040,2980,1698,50563,23490,56486,16570,27807,48463,870,4496,296,217,1215,27613,11548,5668,2334,5091,880,1517,3423,829,5067,3819,26403,4788,45050,8164,5139
2002,Jun,5132,116715,44066,16442,22060,3989,2060,54892,22965,41186,17251,27519,40405,1015,3988,504,473,1668,28193,9132,4744,2368,4779,1163,1418,2649,751,5753,3122,28614,4175,48334,10113,5965
2002,Jul,4915,139889,41200,13947,21246,4519,2052,66566,26488,51147,25238,32353,28163,1339,4417,1194,1760,3535,33840,11440,6598,3560,7351,1481,2202,3792,1527,7736,4496,29790,5771,54252,10875,6649
2002,Aug,6290,105888,40172,13951,21075,4085,2144,85655,26513,62699,22147,39236,27263,906,5261,993,2270,3638,37921,12441,8144,6671,6388,1759,1948,3296,1459,5154,3924,27730,5611,43873,9291,6541
2002,Sep,4529,102876,48193,13613,19413,3087,1775,77884,18914,47217,13553,21472,27878,964,4303,467,411,1367,33792,13281,5038,3017,5825,1089,1677,3285,1097,5225,3732,23507,4514,52309,10730,5862
2002,Oct,5100,117010,44455,16762,25699,3865,1799,58489,21025,57693,15730,28827,33223,1157,4480,411,289,1276,37735,15678,5707,2638,7001,844,1716,3938,1281,7270,3932,26044,5553,50054,8364,6067
2002,Nov,4599,105571,48399,15188,19006,3075,1696,54294,17425,56422,11981,28758,35137,840,3876,409,88,998,39484,14924,5202,2418,6358,734,2025,4122,1472,6944,4221,25976,6043,35907,5964,5150
2002,Dec,7053,197159,57267,16609,21870,3493,1844,60338,19941,58683,12796,24591,31003,753,5540,702,243,1609,41326,10838,4661,2477,5658,953,1531,4071,1137,7946,4886,27644,6593,38293,6188,7666
2003,Jan,4190,128385,41067,14438,19668,2657,1807,53131,17336,62454,15826,34976,27325,825,4245,350,361,1303,48040,12541,5218,3054,6034,842,1623,4068,1295,8887,6167,29475,7685,46479,7540,6806
2003,Feb,3789,100371,40312,15927,19673,4203,1395,50469,24563,89704,17940,32707,23730,659,3849,500,353,1238,44006,14427,6290,2362,5692,706,1749,3837,1210,8901,5195,24805,6208,31270,4552,4938
2003,Mar,4147,103840,39542,15544,21581,2966,1687,54497,16460,54063,11498,25186,25096,796,4044,252,116,1099,42578,14224,6255,2223,5622,776,1543,3410,996,7739,4518,24352,5792,32276,5280,5593
2003,Apr,704,38859,13321,7796,6318,1094,986,12501,4808,23002,2531,2890,12756,479,1718,87,19,406,22130,5927,1483,455,2870,304,494,1283,335,3673,2377,5640,1769,13845,3148,2228
2003,May,469,54851,14161,7357,8148,977,1052,7056,5510,3994,1283,2552,13087,392,1779,30,4,263,12867,3963,1418,271,2299,275,386,860,175,1893,1930,6422,1395,12198,2911,1468
2003,Jun,2386,94919,26966,11419,14363,2469,1504,14051,16426,8405,5412,8477,19780,707,4279,93,38,837,15840,4094,2337,668,2925,308,597,1217,279,3015,2399,13192,2185,20786,4390,2380
2003,Jul,4043,139956,36568,15959,24007,6053,2146,28636,29541,20989,18298,25714,27038,1056,6794,236,381,2415,28032,8183,5231,1469,5067,781,1299,2439,593,5465,2902,22059,3495,37699,7785,5073
2003,Aug,4079,113944,39574,18258,27273,5599,1873,43016,34391,52847,19466,30591,28782,913,5858,559,1022,2863,34753,11170,6819,2403,5030,1148,1459,2534,789,4444,3218,25810,3917,36673,7990,7009
2003,Sep,3748,114193,42631,16008,22090,4086,1730,47623,17839,57716,13190,20942,30343,904,4381,326,311,1294,28462,11026,4256,1529,4147,665,1150,2733,867,4497,3226,22092,3548,41637,9043,4759
2003,Oct,3411,116306,43748,18352,29792,4180,1705,38418,19234,56700,14982,24175,34556,1038,4518,266,148,1130,33594,12414,5281,1926,5346,628,1768,3482,968,6140,3618,23995,4202,41675,8145,5490
2003,Nov,3462,159897,49202,17261,20073,4654,1602,37630,18368,67541,12271,29059,30454,715,3867,317,137,1385,37490,13257,5740,2050,5358,784,1571,3966,971,6399,4254,26220,5218,36461,6625,5065
2003,Dec,6724,176167,52321,18254,22812,5477,2044,47021,21778,71068,12233,24125,36492,914,6073,460,284,1451,40177,10142,5432,1932,4964,677,1337,3616,895,7606,4888,26600,5841,41892,6081,7544
2004,Jan,3192,139753,41704,14347,21826,5480,1829,39191,22763,79717,17014,30255,29154,721,3746,497,387,1491,44851,10068,5433,1898,5283,762,1122,3622,918,8422,6749,26726,6859,46724,7010,5793
2004,Feb,3351,119369,37077,16601,21433,5576,1680,43760,17189,50903,13918,29835,29634,759,4302,399,352,1308,46809,12821,7370,2224,5558,749,1382,3914,1064,9569,4525,29171,6286,35862,5438,4371
2004,Mar,4033,126500,41179,19951,27951,7338,2190,53022,18564,53481,13060,25853,28621,956,4219,415,148,1376,47657,14417,5905,2213,5149,765,1368,3721,1189,8517,4878,28456,5891,36867,6071,6105
2004,Apr,3348,126701,41829,25771,35796,6182,3356,38801,24158,75068,13484,26713,36001,1033,6524,503,219,1445,39817,11538,6057,1786,3946,873,1442,3713,886,6877,3949,23984,4829,44385,8761,5839
2004,May,3205,128787,45222,25937,29237,7247,3232,43714,23922,70021,13963,31482,59626,996,7374,399,184,1254,27567,9537,5525,1885,3807,739,1009,2942,714,4686,4215,26308,4522,42088,9285,4734
2004,Jun,4784,154243,47517,20354,27410,12710,2338,44112,21679,63014,15181,29912,52647,1416,10083,586,541,1892,26078,8429,5221,1791,3583,891,1124,2683,765,5858,3940,30146,4516,47565,11215,5064
2004,Jul,3667,182352,41668,19861,29903,15149,2532,56066,27380,92649,21955,35568,38969,2153,5327,1570,2269,4567,35270,10837,7753,2574,6569,1342,1723,3851,1356,7025,4733,32016,5662,56404,13378,7394
2004,Aug,3286,134916,44390,17701,27482,12865,2654,66617,30887,90212,19708,38602,35777,1508,5555,1350,2877,5060,37714,12305,9350,4399,6046,1679,1529,3237,1369,4412,4441,28450,5874,44785,10555,6955
2004,Sep,2956,139129,40705,19447,26506,7451,2431,62264,19562,62134,13542,25956,35575,1415,5689,529,566,1769,30600,12195,5532,2229,4855,888,1230,3611,1106,4814,4045,23229,4456,54696,12758,6005
2004,Oct,3370,137833,43938,23540,39140,8347,2448,51340,21884,70449,13840,26936,39645,1212,7799,296,175,1314,36555,14064,6354,2243,5566,1178,1342,4297,1169,7164,4867,26403,5923,51439,9855,5789
2004,Nov,3525,189734,54950,20547,22794,8020,2262,48066,19317,88223,12747,31623,41149,996,5854,397,167,1818,40378,14881,6332,2371,5778,772,1396,4501,1464,8044,5488,27698,6549,43188,7110,5823
2004,Dec,7370,186105,57108,21838,32487,9442,2981,51858,24381,84369,14030,28344,44409,1146,6732,346,276,1864,43956,11276,7053,2051,5259,928,1459,4143,1122,8898,6729,30558,7509,57216,7627,10004
2005,Jan,3626,146228,39478,18149,25070,6590,2498,48004,17457,45801,16774,20386,33541,1079,3687,586,228,1661,47854,12093,5885,2217,6257,921,1368,3981,1212,9175,9069,31813,8100,62379,8638,6931
2005,Feb,2811,120901,40338,18763,26578,9030,2300,40310,28713,61601,19104,24531,29091,836,3933,250,206,1142,46323,13051,6700,1947,5932,622,1379,4037,1077,9266,4709,28453,6366,39562,5603,4675
2005,Mar,4570,151096,47677,25520,37515,9335,3084,52225,31089,52249,15669,23476,43064,1213,5075,344,151,1792,53323,16427,6927,2293,5564,743,1642,4224,1235,9692,5564,33209,6608,43282,7365,7150
2005,Apr,3529,132420,47509,28754,43410,13657,4370,41599,23614,68775,16345,28923,44459,1198,8018,445,173,1622,38553,12633,6871,1930,4601,705,1311,3732,966,6218,4520,25776,5023,44999,9422,7205
2005,May,3455,135357,47577,34121,33739,12535,3196,43968,25187,62872,16019,28927,71892,1175,5315,395,162,1625,27649,11798,6113,2011,4783,660,1134,3230,901,5098,4735,28910,5212,46175,10440,5759
2005,Jun,5248,161399,53485,26305,30260,16788,3361,43020,23843,61150,16710,32366,65849,1663,5280,669,478,2504,27311,9240,5352,2169,4553,764,1221,2827,749,6147,4433,33215,4783,55188,11481,6489
2005,Jul,3738,192448,44301,25811,31991,22286,3628,49791,35295,93889,27702,42961,51155,1854,5665,1263,1129,4942,35875,11736,8243,2791,6993,1109,1671,4386,1216,7489,5460,36069,6501,60895,14219,7538
2005,Aug,3220,134727,45880,27093,29772,17920,2903,61522,38649,101134,22950,42791,44678,1679,6158,1170,1492,5086,39335,13070,10103,5048,6112,1098,1728,3637,1415,5123,5095,31816,6723,48381,11235,7138
2005,Sep,3983,136276,43998,27510,28915,10764,2666,57085,23649,67061,15670,25572,43975,1393,5625,783,411,2089,31655,12800,5708,2494,4803,704,1097,3590,1141,5543,5076,25977,4882,60587,12915,6693
2005,Oct,3202,141565,46161,31553,37085,9729,2956,49532,22996,74501,17754,30060,53562,1457,6037,234,101,1375,35986,15114,6029,3021,5575,777,1384,4979,1346,6970,5943,28775,6300,53289,11096,5853
2005,Nov,3614,173305,61060,28458,24961,10155,3095,50402,20552,88704,14094,31277,48170,1163,5140,401,236,2011,41193,15300,6375,2405,5996,714,1658,4561,1698,7722,6609,32993,8281,46304,8340,6741
2005,Dec,6863,187847,60523,27934,29744,11837,3814,50994,22770,79945,15123,32803,53965,1235,8091,453,210,2213,42022,11517,6618,2325,5311,753,1348,3919,1179,7913,7388,34349,8145,59155,8735,9780
2006,Jan,3010,152123,42836,23133,24544,9588,3153,45402,23587,81734,19898,40604,43086,974,4705,544,280,2341,45886,12340,6175,2563,6065,811,1483,4011,1382,9398,10078,32807,8896,63495,9035,7294
2006,Feb,3177,122336,44419,25592,26200,10794,2658,44695,22743,96562,17723,40835,40083,1218,4610,329,226,1602,50690,14776,7646,2673,5862,698,1569,4245,1331,10675,6998,32611,7818,42262,5485,5405
2006,Mar,4075,141056,52980,31939,32483,11863,3615,62353,21726,91092,16227,36144,50070,1457,5396,482,210,2251,54936,18964,7748,2859,6014,816,1500,4614,1499,9386,8060,36044,8255,53965,6317,7210
2006,Apr,3457,147235,51480,37713,37862,12993,4699,41269,28836,97423,17657,31780,53531,1251,8626,754,203,2094,41716,16067,7712,2543,4729,885,1571,4909,1209,7348,6926,28940,6407,63480,10618,8729
2006,May,2955,146039,49755,39995,30587,11755,3678,42907,24008,78594,15410,34236,80687,1611,5354,467,170,2067,28313,10865,6787,2516,4413,673,1193,3775,838,4601,6678,30705,5905,51237,9736,6443
2006,Jun,4859,167216,56325,29790,28946,17513,3547,43153,23998,71213,17393,36327,67838,2279,5811,812,349,2994,26141,9356,6104,2566,4280,630,1192,2831,799,5200,5212,36431,5043,60988,12559,6245
2006,Jul,3822,192166,48104,30567,29003,20816,4643,52407,28265,113127,27109,45685,53121,3320,6078,1785,853,5445,34260,11095,8889,2842,7156,1029,1729,4228,1467,6883,6196,39092,6967,66485,14742,8708
2006,Aug,3389,164474,51108,29722,27775,17916,3977,62970,30672,103459,23438,44846,49536,2500,6796,1842,1316,5354,39950,12952,11062,5698,6595,1294,1674,4105,1385,4949,6917,33504,6442,55387,12738,7965
2006,Sep,3511,136514,46751,29747,26498,12514,3568,51284,20463,63550,15350,29315,49413,1551,5558,666,315,2012,32342,12532,6297,2904,5264,936,1381,4048,1197,5408,6546,29118,4773,59479,12957,7011
2006,Oct,2950,210355,61466,36293,35860,12537,4008,47552,21801,70690,17087,35025,58389,1290,5669,501,123,2701,40387,14840,7179,2548,6281,879,1664,5304,1355,7726,7441,29829,5996,61388,10442,6607
2006,Nov,3782,137074,56439,35718,26895,12867,4125,52047,22845,88343,15953,43791,51570,1485,5958,609,238,2336,45786,15428,7632,2876,6157,954,1714,5396,1700,8360,8326,35157,7987,49822,7548,7601
2006,Dec,6344,205629,72640,35910,29714,13949,4987,48367,22530,81414,16218,36134,61578,1590,8721,758,352,2816,47760,11910,6967,3069,5358,836,1430,4414,1244,8775,9453,35548,8915,63644,7888,11296
2007,Jan,3813,158510,45147,27798,25863,12555,4887,49959,19559,76116,17156,46756,52339,1654,5057,494,328,2645,51913,14366,8494,3986,6039,930,1504,4942,1575,10910,13980,36947,8510,68190,7778,8981
2007,Feb,3471,120382,48175,30588,22575,11969,3749,46920,26025,111934,23307,31464,42507,1216,4797,664,290,1944,50663,14016,9103,3442,5793,796,1425,4533,1977,11128,9228,30990,8037,40252,5063,5005
2007,Mar,4547,153855,52269,39195,33087,14060,5480,58843,22361,79239,16091,42071,53444,1731,6356,775,215,2730,57778,18555,9755,3218,6252,973,1729,5056,1867,10840,9757,38849,8756,52493,6605,8405
2007,Apr,3265,142560,51360,43107,34500,15553,6838,37962,29338,99136,15343,32219,59244,1448,9160,802,261,2855,42338,13137,7858,2295,4648,792,1512,4922,1103,8043,7453,30253,6559,58557,8786,9707
2007,May,3641,155604,51348,42047,30555,14995,5295,38813,25261,85198,14952,34408,97637,1573,7378,618,202,2794,29518,10999,6783,2568,4623,677,1272,4001,989,5404,5905,31180,5916,58832,10160,6817
2007,Jun,5136,180643,59152,35997,29419,23153,5299,41289,25551,77239,16868,38027,80829,2423,5968,905,445,3347,27587,9677,6130,2476,4540,569,1219,3251,911,5621,5161,34838,5279,66784,12414,7065
2007,Jul,4219,193024,50725,35032,32250,24935,5537,49234,31990,108881,24849,46123,58731,3715,6384,1878,1112,6703,34662,12388,9451,3073,7568,1196,2101,4963,1361,7230,6978,39483,6827,75658,13648,9358
2007,Aug,3631,159570,55293,34096,29149,23778,4798,58288,32177,114463,21028,45910,56204,2804,7995,1863,1283,6050,38607,13544,11861,6079,7224,1149,2019,4389,1432,5695,7114,33668,7218,62205,11010,9075
2007,Sep,3656,136054,49733,32523,27135,15574,6099,54186,22902,76181,16276,30265,55188,1486,5906,555,226,2468,32983,13741,6416,2819,5519,680,1540,4041,1252,6058,6213,27391,5148,71269,12290,6829
2007,Oct,3292,215886,58591,36179,36655,14631,4985,51825,23224,83831,14426,33383,59747,1603,5996,617,223,3014,41140,15364,7217,2734,6468,793,1655,5157,1473,8359,7836,34968,7980,74693,11456,7960
2007,Nov,4139,136473,55020,32059,26309,15333,5042,53784,22638,103906,13742,43965,63189,1584,6006,496,247,2700,44794,16252,8322,3072,5930,709,1730,5389,1603,8930,8334,34509,7665,60543,7968,6794
2007,Dec,7437,209494,68961,30154,25919,16674,6719,53411,21084,97832,14118,39701,69669,1634,8402,888,410,3804,43710,12861,7879,2984,5747,847,1554,4459,1153,9984,9925,35809,8732,79014,9550,12792
2008,Jan,4126,155708,45984,24635,25851,12927,6090,52973,19817,108486,16342,50432,58365,1701,6211,443,308,2946,47607,14269,8771,3719,5988,720,1574,4884,1354,11653,15177,36447,8760,82778,8994,9515
2008,Feb,3338,124940,50318,28674,23320,17171,5329,47449,27263,121031,17829,40998,49078,1252,5789,640,310,2439,51178,15670,9093,3226,5948,653,1672,4834,1380,11452,8952,33006,7661,52457,5365,5032
2008,Mar,5406,155238,56359,37117,31641,17961,6989,57364,27600,98180,13778,39683,57776,2055,6073,687,250,3642,61263,18467,9707,3420,6107,820,2152,5642,1495,12522,9822,39004,8239,61681,6846,7743
2008,Apr,3409,131809,53749,39347,36226,19097,8873,36301,20232,107639,13944,33946,62908,1502,9426,719,220,3491,41645,14169,9897,3556,5805,690,1598,5993,1220,7492,8431,31189,6058,63079,8378,7913
2008,May,3927,137243,52115,41872,30487,18193,6199,42382,22867,86785,14276,36412,103468,1663,6283,533,157,3029,29785,11609,8451,2638,5542,524,1449,5038,1027,5358,8536,30862,5699,65901,9880,5917
2008,Jun,5959,154546,53217,33708,26211,27272,6292,40879,23055,70565,13146,35998,84143,2551,5799,885,404,4625,27578,10893,7147,2450,4945,494,1409,3830,893,6627,6912,35304,5078,73802,10554,6437
2008,Jul,4505,168492,46968,34135,28884,29462,7068,47659,28218,105528,19398,39614,63373,3749,6286,1592,1022,8182,33476,13500,11267,3971,7759,763,2243,5896,1550,8361,8596,39087,6838,79776,13056,8306
2008,Aug,4627,134811,44118,34984,25901,24828,6680,53699,26847,91325,16923,42338,58626,2492,8029,1911,1094,7253,39090,14690,13597,6556,7241,1077,2108,5361,1495,5597,8850,32440,6026,65465,10578,8739
2008,Sep,3569,144158,44892,34314,24530,16065,5815,48771,20765,66582,12303,25914,53488,1115,4969,474,137,3266,34246,14033,7682,3397,5476,798,1440,4873,1359,5874,7878,25160,4273,72816,10776,6019
2008,Oct,3340,158276,54973,38577,34193,18719,6581,47736,20016,76836,13503,30930,67510,1335,6018,750,265,3898,39720,16762,8200,3077,6525,824,1563,6014,1476,7946,9544,31842,6708,75866,11008,7882
2008,Nov,3989,119530,60463,34208,21914,17701,5738,48225,19197,79096,12535,24445,56927,1739,5631,607,221,3082,43739,16946,8782,3367,6121,785,2033,6570,1811,8073,10667,30713,7040,60257,7239,6494
2008,Dec,8090,180678,84324,37367,24747,19903,6928,47602,22238,66689,11947,22308,62641,1844,9304,855,450,5317,43606,14272,8604,3658,5773,897,1859,5853,1589,9340,10919,31577,7664,79278,8098,10634
2009,Jan,4080,118342,44243,26249,22661,19870,5521,38382,23399,105144,15986,25516,46752,1257,4322,446,201,3598,41540,14551,8168,3564,5696,681,1472,5378,1583,10789,15076,28845,7121,80008,7812,6879
2009,Feb,3421,103501,45726,28911,23335,19292,4909,42807,19720,80037,12744,27387,42275,1314,4598,819,228,2678,47245,14985,9002,3154,5701,652,1447,5456,1559,9539,9223,26724,6443,51144,4327,4454
2009,Mar,5390,128446,59660,35718,28055,18307,5916,46797,21290,91275,12542,20759,46779,1503,4340,781,188,3631,52832,19351,10418,3979,5917,666,1868,5605,1575,9249,9928,32022,7104,54821,4819,5577
2009,Apr,3759,126815,51299,44622,32151,21663,8226,31633,28587,86525,11970,21323,55994,1442,7845,719,197,4177,41612,15931,9831,2861,5109,603,1946,6162,1320,8184,8001,28287,5866,65046,6620,6056
2009,May,3935,129444,54995,42460,27066,20397,5512,29800,21529,52058,11602,21854,90395,1460,4544,671,276,3557,29410,11002,8642,3069,4889,519,1316,4392,897,5044,7634,26832,4956,59136,7963,5020
2009,Jun,5618,159603,61465,33487,24479,28171,5150,28060,21703,41650,11486,20991,78538,3014,4992,849,572,4115,26538,10373,7685,3038,4654,747,1447,3709,842,5715,6662,32615,4495,65796,9342,5633
2009,Jul,3598,169634,54087,32072,26643,32814,6147,46633,33382,72326,17351,30389,65978,3756,5820,1807,1843,6655,34303,13356,11867,3623,9498,1021,2387,6023,1554,7498,7759,37270,5732,79439,10879,7372
2009,Aug,3520,131985,61893,35930,23533,24506,4850,50698,36218,86530,17490,32332,54631,2358,7523,1503,821,5466,37578,15563,16005,8871,8954,1517,2254,4832,1661,5107,8501,32539,5623,67152,8957,6806
2009,Sep,4257,182901,68008,35289,23587,17520,5042,52561,21509,59588,10443,15714,57110,1055,5616,771,345,3644,34738,14742,8383,3727,6076,747,1707,4533,1592,6056,8056,25190,3761,73407,9259,5116
2009,Oct,3988,137011,69426,38367,35977,20939,6249,43247,25512,83273,13208,16069,67239,1461,6242,666,254,3078,40654,17384,10012,3695,7021,718,1806,6314,1697,7958,9341,32734,5752,81622,9431,6708
2009,Nov,5260,143014,82747,37810,23588,19905,5694,38949,20525,90358,11900,19620,49836,1495,6078,1069,413,4631,43724,20619,10339,3436,6431,612,1967,6119,1970,8604,10304,34402,6391,68570,7570,6258
2009,Dec,9705,214634,110760,41157,26830,22030,7056,40420,21046,87983,10039,20033,70097,2165,8090,714,412,4299,39582,15824,9376,3753,6413,767,1748,5306,1255,9106,9944,33244,6790,84158,6855,10514
2010,Jan,5245,173640,67942,32704,24635,19109,5512,37747,19415,98918,15511,39437,57404,1585,4770,513,443,3686,44522,18091,10010,4619,6597,755,1954,6078,1709,11135,15603,35514,6860,89584,8392,7373
2010,Feb,4139,143921,68678,32510,23154,20478,4583,40669,24904,143050,17738,29589,46061,1292,4734,714,587,3036,47559,17337,10684,3821,6328,684,1882,6100,1574,11005,9941,31167,6424,55364,4481,4442
2010,Mar,5692,166036,81757,43959,31815,21338,7000,51836,26245,88038,15220,30113,53966,1662,5375,689,468,3842,54448,24044,11349,4014,6767,810,2249,6485,2081,11557,11355,37123,7048,63659,5602,5916
2010,Apr,3943,163076,77476,54454,50657,26681,9646,35179,35564,91702,14509,24785,73219,1707,9961,1038,305,4301,41354,17908,11283,3527,5571,630,2089,6926,1401,7744,8272,33480,6734,70079,6639,6459
2010,May,4796,185809,81937,55312,38925,26153,6556,36827,32047,71636,17111,32161,115965,1565,6043,771,451,3764,29285,14058,10323,3406,5881,577,1542,6413,1314,5295,8018,32124,5457,63517,8109,5015
2010,Jun,5953,214445,93089,44491,30712,35590,6236,36469,32190,69081,13542,30033,83472,2926,5750,942,806,4620,25734,11839,8359,3201,4907,566,1535,4338,1140,6349,6914,39055,4969,74597,9655,5103
2010,Jul,5578,232630,82611,43441,37256,43861,6879,44649,46727,117778,23937,32673,64912,3908,6207,2400,2548,8870,31806,14647,11904,4084,8447,611,2625,6888,1916,7810,8509,41173,6646,87289,10847,6388
2010,Aug,4244,165525,75916,39283,34804,32844,5838,56680,46696,130593,20959,34169,57109,1510,7816,972,719,6133,34990,17269,15794,8781,7884,906,2542,6148,2013,5519,10653,34225,6397,68222,9122,7004
2010,Sep,4628,243869,95484,40672,30711,24338,5376,45012,28469,74457,13486,25665,54860,1125,5759,1345,535,4299,31692,15994,8362,3734,5740,501,1878,4978,1486,5274,8282,27957,4337,80293,9481,5751
2010,Oct,3750,178939,82803,52011,57951,24692,6482,43497,32834,92627,13854,29009,75574,1469,6295,902,380,3683,37576,18241,10062,3328,6352,687,1977,7045,1823,7963,9882,36707,6161,77097,8799,6024
2010,Nov,4673,176118,99975,50094,30197,21246,5953,51542,29852,94035,13133,27814,72920,1401,5786,1554,723,5729,43246,22283,11753,4394,6077,562,2168,7086,2162,8458,10795,34324,6485,64152,7245,5847
2010,Dec,9516,262235,129821,55518,39250,26550,8277,48844,32636,99578,12186,25255,73532,1777,10477,793,403,4513,39557,17552,10578,4177,5969,717,1958,5891,1474,8375,11522,34346,7624,86705,7418,10218
2011,Jan,4547,208232,78342,43339,33230,19704,6457,48799,29322,132040,18218,41070,63078,1572,5721,849,455,3992,41408,19862,10957,5048,6722,749,2059,6859,1878,10758,17367,38267,7897,98023,8102,7865
2011,Feb,3890,177003,81747,48107,31019,26850,5897,58190,38190,149941,19139,36810,50696,1161,5908,1208,631,3429,41665,19290,10755,3518,6229,524,1755,6551,1882,9967,10206,33944,6898,58135,4287,3911
2011,Mar,5795,191842,96418,59922,45728,23756,8466,59999,32721,129749,15222,29619,57601,1361,5635,792,392,4654,49753,23715,12342,5155,7100,735,2452,7002,1839,9338,12266,43236,9415,65885,6939,5544
2011,Apr,3747,194335,87230,76197,55662,24152,11168,38311,52413,131797,18828,28004,74097,1490,9706,1231,342,4447,44966,18274,11852,3583,5949,532,2198,7598,1555,8516,8412,34124,7163,85297,11322,6533
2011,May,4007,199881,90528,72488,44274,24500,7893,41594,37886,110920,18758,33736,114316,1653,5744,936,378,4179,28282,12628,10086,3499,5445,511,1623,5333,1205,5117,7334,34105,6116,72365,12893,4539
2011,Jun,6510,253383,97856,52257,32783,36751,7571,38061,37962,103335,20445,34233,90742,2740,5296,1512,862,5064,24462,12094,7990,3099,4924,446,1498,4497,1010,5851,7051,39712,5125,84371,12891,5261
2011,Jul,5522,251419,90175,50938,40848,45542,9196,55479,56960,183862,33454,40587,71209,3568,7585,3696,2404,9149,30659,15675,13943,4151,9682,555,2683,7318,1779,8720,9216,43187,7098,94690,15973,7462
2011,Aug,4556,228209,91344,49558,34385,30612,7256,72034,49034,183890,26574,44364,60926,1154,7586,1056,580,6637,34967,18141,17520,8242,8909,648,2464,6090,1913,5226,9100,34221,6399,71953,11612,5213
2011,Sep,3910,221319,103060,51859,33009,26678,6966,62395,31113,104211,19057,30112,58309,1319,6394,1545,710,4660,33956,17400,10434,3867,6318,494,1819,5725,1582,5524,9089,29821,4554,86076,9698,5942
2011,Oct,4238,193879,88770,63218,53133,23285,7624,57677,31027,133563,17775,33594,77196,1574,6469,1142,361,3710,36362,18938,11204,3767,7112,578,2222,7596,1716,8136,10648,36840,6814,84509,9876,6052
2011,Nov,5139,188488,104972,52726,29299,23406,7096,61293,31543,100824,15865,33145,72387,1486,6560,1907,668,6958,39074,22487,11166,4718,6532,591,2181,7767,1901,9603,13028,36701,7843,70012,8888,5423
2011,Dec,10382,284232,130493,57114,39338,26995,8594,62585,36204,113390,15153,29605,78434,1850,11387,1167,495,5857,37057,21448,12050,4873,6168,767,2025,6687,1629,10263,14209,36418,7610,84723,10514,9645
2012,Jan,4862,230500,88970,42248,28725,27160,6710,50672,39000,201742,27457,45933,57265,1496,5407,1664,483,3990,40128,26463,10939,5443,7082,786,2153,7253,2210,12170,23119,38922,8495,94946,11207,6118
2012,Feb,4782,211738,88451,50931,33176,26059,7038,67306,30416,158002,27260,45397,61815,1405,6251,975,655,4211,47132,27868,14493,5314,7351,802,2392,7709,2803,14266,16532,41970,8303,63878,6613,4526
2012,Mar,6942,227695,108054,58682,43230,28214,8197,74995,35154,182348,21401,34077,65547,1492,5286,1244,340,6088,52109,30111,14253,6122,7163,724,2610,7958,2305,13311,15765,45720,9930,70960,7469,5867
2012,Apr,4472,214289,96892,75052,56217,29837,12114,49203,47141,173543,22999,31252,76035,1294,10243,1029,389,5282,38477,19375,14517,4848,5609,660,2637,7726,1829,9551,11277,35169,7294,81927,9881,6223
2012,May,4649,228359,99568,72484,42583,30562,8984,50006,33091,139946,20607,33018,124147,1489,5346,874,318,4312,26725,14377,10902,3639,5329,627,1661,5467,1338,5527,8702,36739,6166,72641,10137,4469
2012,Jun,6980,253510,107356,49957,34526,39560,7397,52387,36897,122630,21006,34394,93694,3119,6040,2519,979,5716,25647,13106,9301,3668,5194,571,1669,4657,1217,6350,8144,43468,5356,92951,12021,5099
2012,Jul,5485,246772,90449,45249,34542,46521,7699,61139,50113,201652,33511,42524,68749,3327,5847,2176,965,7448,31195,17784,15402,5403,9847,670,2884,8219,2095,9376,9762,44265,7346,105570,13772,5822
2012,Aug,5860,276938,107841,45775,38137,33230,6527,82747,48138,206734,27903,47383,63579,1394,7979,1785,1231,8068,34338,20355,20864,11397,8361,755,2692,6816,2145,5639,9927,36979,6454,79292,10901,5119
2012,Sep,4106,195481,90484,46880,34926,25917,6502,65991,34584,128830,18385,31247,58748,1710,6398,1080,597,4588,34849,19658,12529,5174,6117,678,1970,5931,1712,6044,9343,32008,4858,100891,11669,5516
2012,Oct,5070,215668,93945,56058,57136,25749,6935,62436,38630,170529,20456,34713,72348,1368,7229,2517,550,5100,38074,20744,11328,4265,6884,675,2046,7634,1967,8459,11170,38016,7002,100138,11158,4923
2012,Nov,6194,229432,124008,55125,33908,25249,6870,70696,36704,177112,20223,34014,74794,1395,6607,1006,416,4305,39509,20254,12585,5298,6638,603,2188,7564,1810,9667,14793,40170,7659,83972,8550,5411
2012,Dec,12353,307155,135669,58363,40548,28176,8073,69538,42299,171109,20995,31232,78272,1717,10726,1100,698,6444,38314,22338,11810,4986,6028,586,1922,6923,1833,11170,15231,43787,8932,103207,10323,8901
2013,Jan,5773,254725,89300,44201,32897,22879,6819,62857,32438,189107,32717,53193,71162,1778,6741,1988,456,4424,42973,22837,12798,6262,7153,698,2185,7957,2410,14019,24572,45736,9798,119592,11908,6348
2013,Feb,4427,196059,91895,44540,30311,28981,5680,68442,48473,252958,39087,40229,59665,1249,6392,972,1302,3873,44589,23053,12621,4309,7098,587,1973,7107,2334,12637,16725,40696,8995,69470,5735,3678
2013,Mar,8290,259244,108683,63521,44202,27732,8693,87359,50220,205790,22606,36755,70480,1734,7474,1610,550,6560,52508,31307,16120,5463,7476,673,2712,7766,2500,13825,18018,46881,9635,87652,7087,5774
2013,Apr,4486,218602,95414,73215,54728,31863,13031,53292,40252,227870,24261,31296,76103,1572,12588,1089,479,6582,38605,18494,13403,4011,5891,493,2025,7455,1593,8465,13685,38908,7769,94285,9035,5071
2013,May,5574,251092,109517,76929,48171,30496,8432,55491,40898,198429,22261,33857,122030,1646,7066,954,320,4477,27714,15763,12432,4407,5916,544,1850,6663,1607,5794,11729,36909,6699,84444,10225,4516
2013,Jun,7837,295907,107286,55868,36018,42194,7718,57757,43857,166890,29680,36409,99754,2770,6206,2839,857,5375,28855,13453,9349,4185,5661,570,1735,5735,1247,6571,9819,45860,5748,91231,10626,5309
2013,Jul,5922,260700,93299,49225,41912,47834,8427,70113,67662,248635,47290,41913,73550,1512,7038,935,475,6403,35340,18262,15466,5303,9591,640,3049,10154,2384,9883,10850,45176,7401,112743,14813,5251
2013,Aug,6109,328174,116392,51817,36548,34980,7020,92179,61337,242256,40571,45986,66274,1956,10237,3606,2943,10701,39525,22265,21876,13117,8568,600,2838,7638,2549,6317,12091,39079,7008,79221,10765,5365
2013,Sep,4824,218751,98973,47879,36254,28276,7190,73786,33514,179130,27180,35599,64556,1419,7144,1089,850,5089,36525,21012,10508,5029,6272,561,2051,7402,2040,6166,10288,33741,4937,105179,11081,5868
2013,Oct,5879,246115,98097,61360,58887,29011,8934,68034,37570,117955,23246,40157,72429,1675,6932,2588,1108,7356,36479,21759,12384,4550,6732,622,2219,9054,1748,9133,13819,37555,7158,96454,10359,4929
2013,Nov,7346,238233,129955,55195,34685,27353,7531,72603,38801,119618,22197,40388,74389,1309,6408,1007,371,4674,39363,21213,11359,5140,6568,603,2390,8549,2184,9059,17529,39620,8000,78324,8430,4939
2013,Dec,13399,321257,142131,64044,42796,28896,9892,70932,44788,121232,19212,35986,83161,1628,11380,1219,902,7039,38983,22142,11697,4874,6000,609,2325,8900,2135,11234,18411,41785,9537,106584,10383,9586
2014,Jan,6418,284126,89482,43702,35263,26071,7807,59578,41909,188237,32033,59745,65557,1259,6440,2617,766,3843,42333,25176,11966,5429,7640,738,2220,9319,2446,14062,28041,43746,10317,126119,11466,5741
2014,Feb,5076,219036,91181,44539,35161,33053,7513,69230,48440,203600,32874,51930,62999,1117,6006,1322,1471,4072,43990,25422,14180,4944,7458,646,2482,8994,2914,12665,20372,44052,10118,69119,6893,4246
2014,Mar,7545,246308,107002,57050,46338,31060,9789,85946,43218,165642,22115,40995,70488,1570,5772,2037,587,6286,49453,30806,15735,5940,7969,768,2821,8829,2738,11452,20170,49729,10905,74578,6872,4969
2014,Apr,4741,230236,94982,73558,56136,30234,15255,50751,69675,126507,25865,36247,79536,1225,11131,1379,448,6512,43704,22125,13643,4684,6517,602,2664,10025,2104,10263,13778,36594,6861,99811,9520,6295
2014,May,6254,267714,100648,76976,46683,36630,9538,54173,47859,95987,26699,41946,118953,1357,6994,1556,390,4609,27661,15425,11980,3712,5888,607,1792,6710,1518,5895,11773,35355,6803,78280,10812,4311
2014,Jun,7393,278181,108945,56224,39083,48999,9530,56044,47182,91485,25807,37589,94738,2799,6369,2205,769,5676,25126,13270,9288,3674,4962,578,1654,5454,1231,5906,10135,41609,5516,81558,10922,4391
2014,Jul,6305,296880,101461,49506,43785,55951,9345,69419,80808,180653,44229,46666,72724,1374,5711,1760,1208,8544,32046,17014,14405,5153,8089,710,2987,10503,2575,9337,11775,43508,7052,106641,14075,5445
2014,Aug,5079,234710,93222,51074,40849,41775,8903,95248,87173,174150,38422,56623,69960,1951,9649,5290,2784,11862,38342,24544,20541,13280,8541,764,2946,8837,2608,5933,13681,38067,6641,82448,10939,6486
2014,Sep,5601,206593,99339,47246,35122,28960,8294,74408,39931,105780,25373,39276,65751,1115,7536,2311,532,5012,35971,22156,10323,5164,6027,759,2233,7645,2141,6365,12025,33053,5022,97642,10593,4856
2014,Oct,5440,226630,97184,58572,53916,30552,8958,68609,40146,133993,24197,44810,88855,1161,6987,2349,896,6704,36971,21905,12351,4389,6051,669,2029,9515,1844,8413,14629,36306,6696,87565,9146,4206
2014,Nov,5806,219369,106313,53508,35138,29938,7973,69415,39019,131731,21240,40230,71555,1242,7603,1660,404,4754,37909,21514,11762,5559,6447,691,2546,8983,2303,8559,16933,39705,7662,73262,7435,5517
2014,Dec,11998,315395,143276,64526,39035,31185,9859,71920,45669,124615,18577,40918,82520,1505,8608,1292,781,7868,38425,24156,10708,5124,6222,763,2321,8630,2087,10606,17897,43188,9234,97855,10015,9607
2015,Jan,5521,236295,86193,42839,36798,28632,7825,58479,34012,140548,30685,71820,73605,1500,6139,2500,1420,4612,44909,24529,11285,5470,6405,727,2063,9470,2645,12594,25432,46845,10875,115584,12330,6391
2015,Feb,4759,184183,82408,41155,29889,28150,6204,62422,46985,238011,40059,51415,60016,870,5987,948,519,3871,47046,24937,13590,4192,6678,701,1968,8475,2429,11313,14767,42427,9915,65009,6349,3567
2015,Mar,6989,211347,101929,53649,43504,30907,9681,79941,41803,130827,24694,42872,70302,1234,7640,1777,546,7588,50729,31468,12789,5311,7127,787,2594,8777,2137,11065,15049,48341,10515,70708,7854,5150
2015,Apr,4977,207138,90515,72259,47838,36472,12969,46687,58959,153784,29229,41602,84041,1125,11103,873,476,6628,39808,20086,13135,4870,5989,710,2369,9308,1722,8091,11946,36186,7086,83497,9492,6424
2015,May,5378,238688,100340,72159,45674,35974,9162,52971,45742,141375,25498,43883,130511,1291,7652,711,463,5278,28113,16266,11686,3923,5797,661,1765,6699,1377,5124,10467,37117,6637,73965,10077,4675
2015,Jun,4992,238403,100074,53329,40121,45490,9326,53257,45453,144533,30565,37193,101773,1947,5832,735,538,5101,25533,13660,8969,3915,4553,595,1599,5203,1141,5986,9240,44929,5914,82755,11593,4061
2015,Jul,7237,305600,102347,49724,45729,54711,8757,67682,82817,246819,50278,48375,83806,2281,6782,2177,1631,10044,36628,18815,16926,5402,9364,681,3225,10657,2290,10571,11440,45139,6984,97583,14756,5398
2015,Aug,4585,205671,88834,52997,39579,39519,8000,92793,89436,267122,45292,60468,77137,2250,8965,1932,2395,10164,41068,26784,22241,15817,8040,711,2905,8253,2644,6085,13725,39090,6734,83063,12497,6111
2015,Sep,5761,187629,93334,48209,39567,28282,7461,73972,40315,149929,27836,39063,69846,1383,7477,1845,1024,6781,37361,22303,9816,5291,5761,856,2155,6938,2029,6144,10163,32749,5196,97071,12412,5219
2015,Oct,4825,204574,88338,58357,63693,30686,8762,66416,41272,165649,27525,50582,86649,1857,8083,893,550,4984,40852,24718,13334,5042,6557,891,2336,9188,2076,9018,13784,39683,7858,96340,11462,5876
2015,Nov,6191,200687,106214,60583,38576,29284,7625,67840,37241,158736,24062,44988,88350,1446,7432,797,327,5450,42022,27994,12269,5317,6627,719,2271,9481,2370,9349,15724,41457,8581,76369,9070,5429
2015,Dec,12379,311475,130551,68114,45441,30159,9680,66719,45853,168831,22303,44821,87950,1764,9960,903,878,8192,39741,35172,11443,4800,6154,828,2329,8400,2248,10261,15281,45546,9952,101624,9726,9152
2016,Jan,5596,249876,87208,44334,44330,29145,7703,62275,34742,229150,37087,74180,81363,1563,6624,1420,1682,5048,48408,39133,12144,6186,7135,816,2289,9072,2981,13677,23672,48852,11209,117073,10983,6369
2016,Feb,4768,216285,85850,47217,38650,35731,7090,65604,49837,277926,42569,57595,64702,1250,6577,797,470,4471,48371,37455,16417,4883,6753,719,2503,9181,3064,11812,19240,42751,10558,61900,5463,3598
2016,Mar,7100,238160,98135,58963,48381,33122,10517,79146,58341,241230,27401,40959,78859,1409,6699,1332,674,8349,54782,40603,14259,4825,6646,784,2760,8782,2718,12844,19200,46658,10517,78701,6616,6063
2016,Apr,5466,215354,97070,74245,62514,38398,14495,49613,42712,269560,33107,41356,94578,1439,12708,789,404,6712,45545,21371,16628,5783,6362,699,2411,9192,1948,7705,13697,39357,7598,93320,10042,6315
2016,May,5768,258606,92668,76646,52331,40046,9470,55006,39959,234089,28809,44932,141987,1824,7434,1049,549,5670,27656,17868,11789,4300,6273,656,1848,6626,1409,5530,10702,38422,7211,64175,9715,4952
2016,Jun,5061,235447,91902,56702,36983,52450,9731,54993,42330,221614,36718,43766,112027,1196,5764,501,259,4482,24403,13776,8954,4272,4510,511,1586,4779,1019,5365,9114,46155,5360,77805,10862,3942
2016,Jul,6409,319762,100397,55005,49788,59801,9938,64715,69847,311126,46691,54700,87919,3823,7919,2278,1946,11172,37256,19327,16844,6093,9454,627,3310,10602,2430,9663,12145,47089,7547,103689,14548,6181
2016,Aug,4665,210627,81656,50362,39434,46779,8012,93619,70843,315556,42275,62018,80980,2494,11142,2074,2224,9885,43288,25895,23795,16139,9452,825,3147,8475,2766,5516,13438,38116,6896,78888,11873,6491
2016,Sep,5551,186620,93519,45807,36912,32789,7103,68998,30252,170229,30267,37743,75079,1894,7745,1750,1399,7540,36521,22567,11176,5731,6081,685,2282,7003,1956,5618,11641,33268,5257,92211,11514,5317
2016,Oct,4022,213070,92736,57924,58094,32192,8218,62858,31512,173185,26270,34346,94649,1901,7825,598,372,4527,43834,27153,14543,5336,6602,788,2565,10464,2089,8503,15639,40277,7170,85395,10961,6022
2016,Nov,5256,219845,101549,55814,35520,33482,7648,64466,30832,193984,21568,36314,90734,1473,9161,1123,365,4803,39708,28441,12615,5425,6777,785,2491,8766,2258,8855,17283,44971,9104,73308,8529,6488
2016,Dec,10229,329994,128897,68624,43619,35494,13691,62570,36763,226020,21454,38601,94323,1947,12307,809,779,7575,39452,35176,11749,5656,6200,849,2166,8513,2184,9173,17753,50542,10047,100849,9994,10797
2017,Jan,5297,254628,84504,46187,36813,35367,9902,53377,34436,316802,36187,60245,80062,1520,5931,1065,1154,4578,46358,37068,12356,6231,7187,824,2336,9079,2779,12118,26722,51562,11225,115930,10778,7046
2017,Feb,4379,208853,85058,51160,38502,34586,9783,72654,33169,268993,38866,60174,75905,1522,6246,835,508,4834,54445,40022,16851,5320,6971,812,2431,9867,3125,12815,22626,49370,11213,71416,6928,4414
2017,Mar,7835,256636,105372,61816,47025,37887,12656,82293,33561,264711,27976,43942,85299,2050,7058,1111,703,8333,58620,43618,14751,5470,6755,916,2678,8197,2810,10521,21825,52107,11493,85040,8459,5581
2017,Apr,4662,248048,94550,81952,58504,39370,19610,46245,53971,252135,30142,48829,109303,1434,12363,928,436,6122,48161,30420,15681,5450,6641,976,2955,11697,2166,9680,16224,40662,7684,93927,12447,7204
2017,May,4645,220534,90335,77671,47074,43434,11705,54012,33784,232361,31092,52762,172822,1383,8870,594,314,5125,30061,17427,12333,4337,5842,676,1758,6683,1587,5137,12436,40789,7617,71970,10261,4792
2017,Jun,5758,281171,102776,62002,34623,62831,12144,52932,32684,218118,30655,49487,136478,1421,6806,640,576,6688,27968,16274,9643,4048,4859,770,1741,5201,1276,6240,10113,52583,6217,84840,11805,4433
2017,Jul,5625,268010,87138,58727,48620,71153,12619,63193,54124,349654,48487,58326,97125,4160,7806,1427,1604,9640,38408,21206,18255,6984,10462,1053,4055,10967,2782,12177,13383,53111,7924,104873,15358,6964
2017,Aug,4610,217339,91135,53539,40993,51866,10934,94900,55265,357287,42151,60957,91551,2159,11805,1315,2124,10315,43459,26590,23815,19114,10254,1555,3249,8432,3027,6468,13499,41163,7808,75171,11197,6987
2017,Sep,5387,216278,90837,52500,39692,40270,9888,69742,31936,226978,29364,47600,102262,1968,9322,883,555,5695,42416,24858,11584,6568,6902,1002,2500,7272,2251,6099,12541,36834,5999,100987,12021,5458
2017,Oct,4202,221036,96015,60194,61448,39013,11616,64624,32961,245342,33281,53430,120100,1552,9313,621,343,4922,41912,27617,14082,5280,7147,841,2425,9833,2011,9228,15079,40428,7388,90940,11834,5635
2017,Nov,5258,231702,105385,64821,39304,36964,11402,75304,33168,250309,25919,52123,86427,1816,9585,754,422,5592,45111,28379,14207,6424,7384,1001,2454,9023,2634,9675,18423,52450,10201,81821,9348,6717
